# --------------------------------------------------------
# Host:                         sql6.freemysqlhosting.net
# Database:                     sql6151810
# Server version:               5.5.49-0ubuntu0.14.04.1
# Server OS:                    debian-linux-gnu
# HeidiSQL version:             5.0.0.3031
# Date/time:                    2017-01-08 17:06:33
# --------------------------------------------------------

/*!40101 SET @OLD_CHARACTER_SET_CLIENT=@@CHARACTER_SET_CLIENT */;
/*!40101 SET NAMES utf8 */;
/*!40014 SET @OLD_FOREIGN_KEY_CHECKS=@@FOREIGN_KEY_CHECKS, FOREIGN_KEY_CHECKS=0 */;
/*!40101 SET @OLD_SQL_MODE=@@SQL_MODE, SQL_MODE='NO_AUTO_VALUE_ON_ZERO' */;

# Dumping structure for table sql6151810.Apartment_Earning
DROP TABLE IF EXISTS `Apartment_Earning`;
CREATE TABLE IF NOT EXISTS `Apartment_Earning` (
  `Apartment_Earning_ID` int(10) NOT NULL AUTO_INCREMENT,
  `Expense_Type_Id` int(10) NOT NULL,
  `Amount` float NOT NULL,
  `Earned_Date` datetime NOT NULL,
  `Verified` bit(1) NOT NULL,
  `Verified_By` varchar(50) NOT NULL,
  `Admin_Comment` varchar(200) NOT NULL,
  `Splitted` tinyint(1) NOT NULL DEFAULT '0',
  PRIMARY KEY (`Apartment_Earning_ID`)
) ENGINE=InnoDB DEFAULT CHARSET=latin1;

# No rows in table sql6151810.Apartment_Earning


# Dumping structure for table sql6151810.Apartment_Expense
DROP TABLE IF EXISTS `Apartment_Expense`;
CREATE TABLE IF NOT EXISTS `Apartment_Expense` (
  `Apartment_Cash_Expense_ID` int(10) NOT NULL AUTO_INCREMENT,
  `Expense_Type_Id` int(10) NOT NULL,
  `Amount` float NOT NULL,
  `Expend_Date` datetime NOT NULL,
  `Expend_By_UserId` varchar(50) NOT NULL,
  `Verified` bit(1) NOT NULL,
  `Verified_By` varchar(50) NOT NULL,
  `Expendy_Comment` varchar(200) NOT NULL,
  `Admin_Comment` varchar(200) NOT NULL,
  `Splitted` tinyint(1) NOT NULL DEFAULT '0',
  PRIMARY KEY (`Apartment_Cash_Expense_ID`)
) ENGINE=InnoDB DEFAULT CHARSET=latin1;

# No rows in table sql6151810.Apartment_Expense


# Dumping structure for table sql6151810.Authorizations
DROP TABLE IF EXISTS `Authorizations`;
CREATE TABLE IF NOT EXISTS `Authorizations` (
  `Auth_Id` int(10) NOT NULL,
  `Type` varchar(50) NOT NULL,
  PRIMARY KEY (`Type`),
  UNIQUE KEY `Auth_Id` (`Auth_Id`)
) ENGINE=InnoDB DEFAULT CHARSET=latin1;

# Dumping data for table sql6151810.Authorizations: 17 rows
/*!40000 ALTER TABLE `Authorizations` DISABLE KEYS */;
INSERT INTO `Authorizations` (`Auth_Id`, `Type`) VALUES (0, 'ADMIN'), (1, 'MY_DUES_VIEWS'), (2, 'NOTIFICATION_SEND'), (3, 'USER_DETAIL_VIEW'), (4, 'USER_DETAIL_CREATE'), (5, 'FLAT_DETAIL_VIEW'), (6, 'FLAT_DETAIL_CREATE'), (7, 'LOGIN_VIEW'), (8, 'LOGIN_CREATE'), (9, 'TRANSACTION_HOME_VIEW'), (10, 'RAW_DATA_VIEW'), (11, 'TRANSACTIONS_DETAIL_VIEW'), (12, 'PDF_TRANSACTION_VIEW'), (13, 'PDF_TRANSACTION_UPLOAD_TO_STAGING_TABLE'), (14, 'MAP_USER_WITH_MONTHLY_PDF_NAME'), (15, 'MONTHLY_MAINTENANCE_GENERATOR'), (16, 'VERIFIED_PDF_TRANSACTIONS_UPLOAD');
/*!40000 ALTER TABLE `Authorizations` ENABLE KEYS */;


# Dumping structure for table sql6151810.Bank_Statement
DROP TABLE IF EXISTS `Bank_Statement`;
CREATE TABLE IF NOT EXISTS `Bank_Statement` (
  `Bank_Statement_FileName` varchar(50) NOT NULL,
  `Uploaded_Date` timestamp NOT NULL DEFAULT CURRENT_TIMESTAMP,
  `Uploaded_LoginId` varchar(50) NOT NULL
) ENGINE=InnoDB DEFAULT CHARSET=latin1;

# No rows in table sql6151810.Bank_Statement


# Dumping structure for table sql6151810.Expense_Type
DROP TABLE IF EXISTS `Expense_Type`;
CREATE TABLE IF NOT EXISTS `Expense_Type` (
  `Expense_Type_Id` int(10) NOT NULL,
  `Type` varchar(50) NOT NULL,
  `Payable_Priority` int(10) DEFAULT NULL,
  PRIMARY KEY (`Expense_Type_Id`),
  UNIQUE KEY `Type` (`Type`)
) ENGINE=InnoDB DEFAULT CHARSET=latin1;

# Dumping data for table sql6151810.Expense_Type: 37 rows
/*!40000 ALTER TABLE `Expense_Type` DISABLE KEYS */;
INSERT INTO `Expense_Type` (`Expense_Type_Id`, `Type`, `Payable_Priority`) VALUES (0, 'Advance_Payment', -1), (1, 'Monthly_Maintenance', 1), (2, 'Initial_Payable', 4), (3, 'Khata_Payable', 3), (4, 'Generator_Repair_Servicing', NULL), (5, 'Lift_AMC', NULL), (6, 'Lift_Repair\r\n', NULL), (7, 'Plumbing', NULL), (8, 'Electrical_Repair', NULL), (9, 'Tank_Cleaning_Repairing', NULL), (10, 'Lawyer', NULL), (11, 'Miscellaneous', NULL), (12, 'Intercom_AMC\r\n', NULL), (13, 'Intercom_Purchase_Repair', NULL), (14, 'Fire_Extinguisher', NULL), (15, 'Security_Related', NULL), (16, 'Apartment_InfraStructure_Repair\r\n', NULL), (17, 'Children_Park', NULL), (18, 'Septick_Tank_ Pipe_Cleaning', NULL), (19, 'Club_House', NULL), (20, 'Alamari_Purchase', NULL), (21, 'Security_Guards\r\n', NULL), (22, 'House_Keeping_Labour', NULL), (23, 'Common_Electricity', NULL), (24, 'Water_Tankers ', NULL), (25, 'Gardening', NULL), (26, 'Deisel_For_Generator\r\n', NULL), (27, 'House_Keeping_Consumables', NULL), (28, 'Pest_Control', NULL), (29, 'Generator_AMC', NULL), (30, 'Flat_Old_Dues', 2), (31, 'Waste_Disposal', NULL), (32, 'Gym', NULL), (33, 'MotorRepair', NULL), (34, 'Penalty', NULL), (35, 'Club_Store_Earning', NULL), (36, 'UNKNOWN', NULL);
/*!40000 ALTER TABLE `Expense_Type` ENABLE KEYS */;


# Dumping structure for table sql6151810.Flat
DROP TABLE IF EXISTS `Flat`;
CREATE TABLE IF NOT EXISTS `Flat` (
  `Flat_Id` varchar(10) NOT NULL,
  `Flat_Number` varchar(10) NOT NULL,
  `Area` int(10) NOT NULL,
  `Maintenance_Amount` float NOT NULL,
  `Block_Number` varchar(1) NOT NULL,
  `Status` tinyint(1) NOT NULL DEFAULT '1',
  PRIMARY KEY (`Flat_Id`)
) ENGINE=InnoDB DEFAULT CHARSET=latin1;

# Dumping data for table sql6151810.Flat: 35 rows
/*!40000 ALTER TABLE `Flat` DISABLE KEYS */;
/*!40000 ALTER TABLE `Flat` ENABLE KEYS */;


# Dumping structure for table sql6151810.Flat_Wise_Payable
DROP TABLE IF EXISTS `Flat_Wise_Payable`;
CREATE TABLE IF NOT EXISTS `Flat_Wise_Payable` (
  `Flat_Wise_Payable_ID` int(10) NOT NULL AUTO_INCREMENT,
  `Flat_Id` varchar(10) NOT NULL,
  `Status` int(1) NOT NULL DEFAULT '1',
  `Month` int(2) NOT NULL,
  `Year` int(4) NOT NULL,
  `Amount` float NOT NULL,
  `Expense_Type_Id` int(10) NOT NULL,
  `Comments` varchar(50) NOT NULL,
  `Payment_Status_ID` int(10) NOT NULL DEFAULT '1',
  PRIMARY KEY (`Flat_Wise_Payable_ID`)
) ENGINE=InnoDB DEFAULT CHARSET=latin1;

# Dumping data for table sql6151810.Flat_Wise_Payable: 4,920 rows
/*!40000 ALTER TABLE `Flat_Wise_Payable` DISABLE KEYS */;
INSERT INTO `Flat_Wise_Payable` (`Flat_Wise_Payable_ID`, `Flat_Id`, `Status`, `Month`, `Year`, `Amount`, `Expense_Type_Id`, `Comments`, `Payment_Status_ID`) VALUES (2593, 'Flat_1', 1, 10, 2010, 2000, 1, '', 1), (2594, 'Flat_1', 1, 11, 2010, 1618, 1, '', 1), (2595, 'Flat_1', 1, 0, 2011, 1473, 1, '', 1), (2596, 'Flat_1', 1, 1, 2011, 1391, 1, '', 1), (2597, 'Flat_1', 1, 2, 2011, 1342, 1, '', 1), (2598, 'Flat_1', 1, 3, 2011, 2361, 1, '', 1), (2599, 'Flat_1', 1, 4, 2011, 2419, 1, '', 1), (2600, 'Flat_1', 1, 5, 2011, 1820, 1, '', 1), (2601, 'Flat_1', 1, 6, 2011, 1820, 1, '', 1), (2602, 'Flat_1', 1, 7, 2011, 1820, 1, '', 1), (2603, 'Flat_1', 1, 8, 2011, 1820, 1, '', 1), (2604, 'Flat_1', 1, 9, 2011, 1820, 1, '', 1), (2605, 'Flat_1', 1, 10, 2011, 1000, 16, '', 1), (2606, 'Flat_1', 1, 11, 2011, 1820, 1, '', 1), (2607, 'Flat_1', 1, 0, 2012, 1820, 1, '', 1), (2608, 'Flat_1', 1, 1, 2012, 1820, 1, '', 1), (2609, 'Flat_1', 1, 2, 2012, 1820, 1, '', 1), (2610, 'Flat_1', 1, 3, 2012, 2210, 1, '', 1), (2611, 'Flat_1', 1, 4, 2012, 5000, 11, '', 1), (2612, 'Flat_1', 1, 5, 2012, 2210, 1, '', 1), (2613, 'Flat_1', 1, 6, 2012, 2210, 1, '', 1), (2614, 'Flat_1', 1, 7, 2012, 2210, 1, '', 1), (2615, 'Flat_1', 1, 8, 2012, 2210, 1, '', 1), (2616, 'Flat_1', 1, 9, 2012, 2210, 1, '', 1), (2617, 'Flat_1', 1, 10, 2012, 2210, 1, '', 1), (2618, 'Flat_1', 1, 11, 2012, 2210, 1, '', 1), (2619, 'Flat_1', 1, 0, 2013, 10000, 18, '', 1), (2620, 'Flat_1', 1, 1, 2013, 2510, 1, '', 1), (2621, 'Flat_1', 1, 2, 2013, 2510, 1, '', 1), (2622, 'Flat_1', 1, 3, 2013, 2510, 17, '', 1), (2623, 'Flat_1', 1, 4, 2013, 2510, 1, '', 1), (2624, 'Flat_1', 1, 5, 2013, 2510, 1, '', 1), (2625, 'Flat_1', 1, 6, 2013, 3050, 1, '', 1), (2626, 'Flat_1', 1, 7, 2013, 3050, 1, '', 1), (2627, 'Flat_1', 1, 8, 2013, 3050, 1, '', 1), (2628, 'Flat_1', 1, 9, 2013, 3050, 1, '', 1), (2629, 'Flat_1', 1, 10, 2013, 3050, 1, '', 1), (2630, 'Flat_1', 1, 11, 2013, 3050, 1, '', 1), (2631, 'Flat_1', 1, 0, 2014, 3050, 1, '', 1), (2632, 'Flat_1', 1, 1, 2014, 3050, 1, '', 1), (2633, 'Flat_1', 1, 2, 2014, 3050, 1, '', 1), (2634, 'Flat_1', 1, 3, 2014, 3050, 1, '', 1), (2635, 'Flat_1', 1, 4, 2014, 3050, 1, '', 1), (2636, 'Flat_1', 1, 5, 2014, 3050, 1, '', 1), (2637, 'Flat_1', 1, 6, 2014, 3050, 1, '', 1), (2638, 'Flat_1', 1, 7, 2014, 3050, 1, '', 1), (2639, 'Flat_1', 1, 8, 2014, 3050, 1, '', 1), (2640, 'Flat_1', 1, 9, 2014, 3050, 1, '', 1), (2641, 'Flat_1', 1, 10, 2014, 3050, 1, '', 1), (2642, 'Flat_1', 1, 11, 2014, 3050, 18, '', 1), (2643, 'Flat_1', 1, 0, 2015, 3050, 1, '', 1), (2644, 'Flat_1', 1, 1, 2015, 3050, 1, '', 1), (2645, 'Flat_1', 1, 2, 2015, 3050, 1, '', 1), (2646, 'Flat_1', 1, 3, 2015, 3050, 1, '', 1), (2647, 'Flat_1', 1, 4, 2015, 3250, 1, '', 1), (2648, 'Flat_1', 1, 5, 2015, 3250, 1, '', 1), (2649, 'Flat_1', 1, 6, 2015, 3250, 1, '', 1), (2650, 'Flat_1', 1, 7, 2015, 3250, 1, '', 1), (2651, 'Flat_1', 1, 8, 2015, 3250, 1, '', 1), (2652, 'Flat_1', 1, 9, 2015, 3250, 1, '', 1), (2653, 'Flat_1', 1, 10, 2015, 3250, 1, '', 1), (2654, 'Flat_1', 1, 11, 2015, 3250, 1, '', 1), (2655, 'Flat_1', 1, 0, 2016, 3250, 1, '', 1), (2656, 'Flat_1', 1, 1, 2016, 3250, 1, '', 1), (2657, 'Flat_1', 1, 2, 2016, 3250, 1, '', 1), (2658, 'Flat_1', 1, 3, 2016, 3250, 1, '', 1), (2659, 'Flat_1', 1, 4, 2016, 3250, 1, '', 1), (2660, 'Flat_1', 1, 5, 2016, 3250, 1, '', 1), (2661, 'Flat_1', 1, 6, 2016, 3250, 1, '', 1), (2662, 'Flat_1', 1, 7, 2016, 3250, 1, '', 1), (2663, 'Flat_1', 1, 8, 2016, 3250, 1, '', 1), (2664, 'Flat_101', 1, 10, 2010, 2000, 1, '', 1), (2665, 'Flat_101', 1, 11, 2010, 1981, 1, '', 1), (2666, 'Flat_101', 1, 0, 2011, 1704, 1, '', 1), (2667, 'Flat_101', 1, 1, 2011, 1609, 1, '', 1), (2668, 'Flat_101', 1, 2, 2011, 1642, 1, '', 1), (2669, 'Flat_101', 1, 3, 2011, 2656, 1, '', 1), (2670, 'Flat_101', 1, 4, 2011, 2699, 1, '', 1), (2671, 'Flat_101', 1, 5, 2011, 2120, 1, '', 1), (2672, 'Flat_101', 1, 6, 2011, 2120, 1, '', 1), (2673, 'Flat_101', 1, 7, 2011, 2120, 1, '', 1), (2674, 'Flat_101', 1, 8, 2011, 2120, 1, '', 1), (2675, 'Flat_101', 1, 9, 2011, 2120, 1, '', 1), (2676, 'Flat_101', 1, 10, 2011, 1000, 16, '', 1), (2677, 'Flat_101', 1, 11, 2011, 2120, 1, '', 1), (2678, 'Flat_101', 1, 0, 2012, 2120, 1, '', 1), (2679, 'Flat_101', 1, 1, 2012, 2120, 1, '', 1), (2680, 'Flat_101', 1, 2, 2012, 2120, 1, '', 1), (2681, 'Flat_101', 1, 3, 2012, 2590, 1, '', 1), (2682, 'Flat_101', 1, 4, 2012, 5000, 11, '', 1), (2683, 'Flat_101', 1, 5, 2012, 2590, 1, '', 1), (2684, 'Flat_101', 1, 6, 2012, 2590, 1, '', 1), (2685, 'Flat_101', 1, 7, 2012, 2590, 1, '', 1), (2686, 'Flat_101', 1, 8, 2012, 2590, 1, '', 1), (2687, 'Flat_101', 1, 9, 2012, 2590, 1, '', 1), (2688, 'Flat_101', 1, 10, 2012, 2590, 1, '', 1), (2689, 'Flat_101', 1, 11, 2012, 2590, 1, '', 1), (2690, 'Flat_101', 1, 0, 2013, 10000, 18, '', 1), (2691, 'Flat_101', 1, 1, 2013, 2890, 1, '', 1), (2692, 'Flat_101', 1, 2, 2013, 2890, 1, '', 1), (2693, 'Flat_101', 1, 3, 2013, 2890, 17, '', 1), (2694, 'Flat_101', 1, 4, 2013, 2890, 1, '', 1), (2695, 'Flat_101', 1, 5, 2013, 2890, 1, '', 1), (2696, 'Flat_101', 1, 6, 2013, 3510, 1, '', 1), (2697, 'Flat_101', 1, 7, 2013, 3510, 1, '', 1), (2698, 'Flat_101', 1, 8, 2013, 3510, 1, '', 1), (2699, 'Flat_101', 1, 9, 2013, 3510, 1, '', 1), (2700, 'Flat_101', 1, 10, 2013, 3510, 1, '', 1), (2701, 'Flat_101', 1, 11, 2013, 3510, 1, '', 1), (2702, 'Flat_101', 1, 0, 2014, 3510, 1, '', 1), (2703, 'Flat_101', 1, 1, 2014, 3510, 1, '', 1), (2704, 'Flat_101', 1, 2, 2014, 3510, 1, '', 1), (2705, 'Flat_101', 1, 3, 2014, 3510, 1, '', 1), (2706, 'Flat_101', 1, 4, 2014, 3510, 1, '', 1), (2707, 'Flat_101', 1, 5, 2014, 3510, 1, '', 1), (2708, 'Flat_101', 1, 6, 2014, 3510, 1, '', 1), (2709, 'Flat_101', 1, 7, 2014, 3510, 1, '', 1), (2710, 'Flat_101', 1, 8, 2014, 3510, 1, '', 1), (2711, 'Flat_101', 1, 9, 2014, 3510, 1, '', 1), (2712, 'Flat_101', 1, 10, 2014, 3510, 1, '', 1), (2713, 'Flat_101', 1, 11, 2014, 3510, 18, '', 1), (2714, 'Flat_101', 1, 0, 2015, 3510, 1, '', 1), (2715, 'Flat_101', 1, 1, 2015, 3510, 1, '', 1), (2716, 'Flat_101', 1, 2, 2015, 3510, 1, '', 1), (2717, 'Flat_101', 1, 3, 2015, 3510, 1, '', 1), (2718, 'Flat_101', 1, 4, 2015, 3710, 1, '', 1), (2719, 'Flat_101', 1, 5, 2015, 3710, 1, '', 1), (2720, 'Flat_101', 1, 6, 2015, 3710, 1, '', 1), (2721, 'Flat_101', 1, 7, 2015, 3710, 1, '', 1), (2722, 'Flat_101', 1, 8, 2015, 3710, 1, '', 1), (2723, 'Flat_101', 1, 9, 2015, 3710, 1, '', 1), (2724, 'Flat_101', 1, 10, 2015, 3710, 1, '', 1), (2725, 'Flat_101', 1, 11, 2015, 3710, 1, '', 1), (2726, 'Flat_101', 1, 0, 2016, 3710, 1, '', 1), (2727, 'Flat_101', 1, 1, 2016, 3710, 1, '', 1), (2728, 'Flat_101', 1, 2, 2016, 3710, 1, '', 1), (2729, 'Flat_101', 1, 3, 2016, 3710, 1, '', 1), (2730, 'Flat_101', 1, 4, 2016, 3710, 1, '', 1), (2731, 'Flat_101', 1, 5, 2016, 3710, 1, '', 1), (2732, 'Flat_101', 1, 6, 2016, 3710, 1, '', 1), (2733, 'Flat_101', 1, 7, 2016, 3710, 1, '', 1), (2734, 'Flat_101', 1, 8, 2016, 3710, 1, '', 1), (2735, 'Flat_201', 1, 10, 2010, 2000, 1, '', 1), (2736, 'Flat_201', 1, 11, 2010, 1981, 1, '', 1), (2737, 'Flat_201', 1, 0, 2011, 1704, 1, '', 1), (2738, 'Flat_201', 1, 1, 2011, 1609, 1, '', 1), (2739, 'Flat_201', 1, 2, 2011, 1642, 1, '', 1), (2740, 'Flat_201', 1, 3, 2011, 2656, 1, '', 1), (2741, 'Flat_201', 1, 4, 2011, 2699, 1, '', 1), (2742, 'Flat_201', 1, 5, 2011, 2120, 1, '', 1), (2743, 'Flat_201', 1, 6, 2011, 2120, 1, '', 1), (2744, 'Flat_201', 1, 7, 2011, 2120, 1, '', 1), (2745, 'Flat_201', 1, 8, 2011, 2120, 1, '', 1), (2746, 'Flat_201', 1, 9, 2011, 2120, 1, '', 1), (2747, 'Flat_201', 1, 10, 2011, 1000, 16, '', 1), (2748, 'Flat_201', 1, 11, 2011, 2120, 1, '', 1), (2749, 'Flat_201', 1, 0, 2012, 2120, 1, '', 1), (2750, 'Flat_201', 1, 1, 2012, 2120, 1, '', 1), (2751, 'Flat_201', 1, 2, 2012, 2120, 1, '', 1), (2752, 'Flat_201', 1, 3, 2012, 2590, 1, '', 1), (2753, 'Flat_201', 1, 4, 2012, 5000, 11, '', 1), (2754, 'Flat_201', 1, 5, 2012, 2590, 1, '', 1), (2755, 'Flat_201', 1, 6, 2012, 2590, 1, '', 1), (2756, 'Flat_201', 1, 7, 2012, 2590, 1, '', 1), (2757, 'Flat_201', 1, 8, 2012, 2590, 1, '', 1), (2758, 'Flat_201', 1, 9, 2012, 2590, 1, '', 1), (2759, 'Flat_201', 1, 10, 2012, 2590, 1, '', 1), (2760, 'Flat_201', 1, 11, 2012, 2590, 1, '', 1), (2761, 'Flat_201', 1, 0, 2013, 10000, 18, '', 1), (2762, 'Flat_201', 1, 1, 2013, 2890, 1, '', 1), (2763, 'Flat_201', 1, 2, 2013, 2890, 1, '', 1), (2764, 'Flat_201', 1, 3, 2013, 2890, 17, '', 1), (2765, 'Flat_201', 1, 4, 2013, 2890, 1, '', 1), (2766, 'Flat_201', 1, 5, 2013, 2890, 1, '', 1), (2767, 'Flat_201', 1, 6, 2013, 3510, 1, '', 1), (2768, 'Flat_201', 1, 7, 2013, 3510, 1, '', 1), (2769, 'Flat_201', 1, 8, 2013, 3510, 1, '', 1), (2770, 'Flat_201', 1, 9, 2013, 3510, 1, '', 1), (2771, 'Flat_201', 1, 10, 2013, 3510, 1, '', 1), (2772, 'Flat_201', 1, 11, 2013, 3510, 1, '', 1), (2773, 'Flat_201', 1, 0, 2014, 3510, 1, '', 1), (2774, 'Flat_201', 1, 1, 2014, 3510, 1, '', 1), (2775, 'Flat_201', 1, 2, 2014, 3510, 1, '', 1), (2776, 'Flat_201', 1, 3, 2014, 3510, 1, '', 1), (2777, 'Flat_201', 1, 4, 2014, 3510, 1, '', 1), (2778, 'Flat_201', 1, 5, 2014, 3510, 1, '', 1), (2779, 'Flat_201', 1, 6, 2014, 3510, 1, '', 1), (2780, 'Flat_201', 1, 7, 2014, 3510, 1, '', 1), (2781, 'Flat_201', 1, 8, 2014, 3510, 1, '', 1), (2782, 'Flat_201', 1, 9, 2014, 3510, 1, '', 1), (2783, 'Flat_201', 1, 10, 2014, 3510, 1, '', 1), (2784, 'Flat_201', 1, 11, 2014, 3510, 18, '', 1), (2785, 'Flat_201', 1, 0, 2015, 3510, 1, '', 1), (2786, 'Flat_201', 1, 1, 2015, 3510, 1, '', 1), (2787, 'Flat_201', 1, 2, 2015, 3510, 1, '', 1), (2788, 'Flat_201', 1, 3, 2015, 3510, 1, '', 1), (2789, 'Flat_201', 1, 4, 2015, 3710, 1, '', 1), (2790, 'Flat_201', 1, 5, 2015, 3710, 1, '', 1), (2791, 'Flat_201', 1, 6, 2015, 3710, 1, '', 1), (2792, 'Flat_201', 1, 7, 2015, 3710, 1, '', 1), (2793, 'Flat_201', 1, 8, 2015, 3710, 1, '', 1), (2794, 'Flat_201', 1, 9, 2015, 3710, 1, '', 1), (2795, 'Flat_201', 1, 10, 2015, 3710, 1, '', 1), (2796, 'Flat_201', 1, 11, 2015, 3710, 1, '', 1), (2797, 'Flat_201', 1, 0, 2016, 3710, 1, '', 1), (2798, 'Flat_201', 1, 1, 2016, 3710, 1, '', 1), (2799, 'Flat_201', 1, 2, 2016, 3710, 1, '', 1), (2800, 'Flat_201', 1, 3, 2016, 3710, 1, '', 1), (2801, 'Flat_201', 1, 4, 2016, 3710, 1, '', 1), (2802, 'Flat_201', 1, 5, 2016, 3710, 1, '', 1), (2803, 'Flat_201', 1, 6, 2016, 3710, 1, '', 1), (2804, 'Flat_201', 1, 7, 2016, 3710, 1, '', 1), (2805, 'Flat_201', 1, 8, 2016, 3710, 1, '', 1), (2806, 'Flat_301', 1, 10, 2010, 2000, 1, '', 1), (2807, 'Flat_301', 1, 11, 2010, 1981, 1, '', 1), (2808, 'Flat_301', 1, 0, 2011, 1704, 1, '', 1), (2809, 'Flat_301', 1, 1, 2011, 1609, 1, '', 1), (2810, 'Flat_301', 1, 2, 2011, 1642, 1, '', 1), (2811, 'Flat_301', 1, 3, 2011, 2656, 1, '', 1), (2812, 'Flat_301', 1, 4, 2011, 2699, 1, '', 1), (2813, 'Flat_301', 1, 5, 2011, 2120, 1, '', 1), (2814, 'Flat_301', 1, 6, 2011, 2120, 1, '', 1), (2815, 'Flat_301', 1, 7, 2011, 2120, 1, '', 1), (2816, 'Flat_301', 1, 8, 2011, 2120, 1, '', 1), (2817, 'Flat_301', 1, 9, 2011, 2120, 1, '', 1), (2818, 'Flat_301', 1, 10, 2011, 1000, 16, '', 1), (2819, 'Flat_301', 1, 11, 2011, 2120, 1, '', 1), (2820, 'Flat_301', 1, 0, 2012, 2120, 1, '', 1), (2821, 'Flat_301', 1, 1, 2012, 2120, 1, '', 1), (2822, 'Flat_301', 1, 2, 2012, 2120, 1, '', 1), (2823, 'Flat_301', 1, 3, 2012, 2590, 1, '', 1), (2824, 'Flat_301', 1, 4, 2012, 5000, 11, '', 1), (2825, 'Flat_301', 1, 5, 2012, 2590, 1, '', 1), (2826, 'Flat_301', 1, 6, 2012, 2590, 1, '', 1), (2827, 'Flat_301', 1, 7, 2012, 2590, 1, '', 1), (2828, 'Flat_301', 1, 8, 2012, 2590, 1, '', 1), (2829, 'Flat_301', 1, 9, 2012, 2590, 1, '', 1), (2830, 'Flat_301', 1, 10, 2012, 2590, 1, '', 1), (2831, 'Flat_301', 1, 11, 2012, 2590, 1, '', 1), (2832, 'Flat_301', 1, 0, 2013, 10000, 18, '', 1), (2833, 'Flat_301', 1, 1, 2013, 2890, 1, '', 1), (2834, 'Flat_301', 1, 2, 2013, 2890, 1, '', 1), (2835, 'Flat_301', 1, 3, 2013, 2890, 17, '', 1), (2836, 'Flat_301', 1, 4, 2013, 2890, 1, '', 1), (2837, 'Flat_301', 1, 5, 2013, 2890, 1, '', 1), (2838, 'Flat_301', 1, 6, 2013, 3510, 1, '', 1), (2839, 'Flat_301', 1, 7, 2013, 3510, 1, '', 1), (2840, 'Flat_301', 1, 8, 2013, 3510, 1, '', 1), (2841, 'Flat_301', 1, 9, 2013, 3510, 1, '', 1), (2842, 'Flat_301', 1, 10, 2013, 3510, 1, '', 1), (2843, 'Flat_301', 1, 11, 2013, 3510, 1, '', 1), (2844, 'Flat_301', 1, 0, 2014, 3510, 1, '', 1), (2845, 'Flat_301', 1, 1, 2014, 3510, 1, '', 1), (2846, 'Flat_301', 1, 2, 2014, 3510, 1, '', 1), (2847, 'Flat_301', 1, 3, 2014, 3510, 1, '', 1), (2848, 'Flat_301', 1, 4, 2014, 3510, 1, '', 1), (2849, 'Flat_301', 1, 5, 2014, 3510, 1, '', 1), (2850, 'Flat_301', 1, 6, 2014, 3510, 1, '', 1), (2851, 'Flat_301', 1, 7, 2014, 3510, 1, '', 1), (2852, 'Flat_301', 1, 8, 2014, 3510, 1, '', 1), (2853, 'Flat_301', 1, 9, 2014, 3510, 1, '', 1), (2854, 'Flat_301', 1, 10, 2014, 3510, 1, '', 1), (2855, 'Flat_301', 1, 11, 2014, 3510, 18, '', 1), (2856, 'Flat_301', 1, 0, 2015, 3510, 1, '', 1), (2857, 'Flat_301', 1, 1, 2015, 3510, 1, '', 1), (2858, 'Flat_301', 1, 2, 2015, 3510, 1, '', 1), (2859, 'Flat_301', 1, 3, 2015, 3510, 1, '', 1), (2860, 'Flat_301', 1, 4, 2015, 3710, 1, '', 1), (2861, 'Flat_301', 1, 5, 2015, 3710, 1, '', 1), (2862, 'Flat_301', 1, 6, 2015, 3710, 1, '', 1), (2863, 'Flat_301', 1, 7, 2015, 3710, 1, '', 1), (2864, 'Flat_301', 1, 8, 2015, 3710, 1, '', 1), (2865, 'Flat_301', 1, 9, 2015, 3710, 1, '', 1), (2866, 'Flat_301', 1, 10, 2015, 3710, 1, '', 1), (2867, 'Flat_301', 1, 11, 2015, 3710, 1, '', 1), (2868, 'Flat_301', 1, 0, 2016, 3710, 1, '', 1), (2869, 'Flat_301', 1, 1, 2016, 3710, 1, '', 1), (2870, 'Flat_301', 1, 2, 2016, 3710, 1, '', 1), (2871, 'Flat_301', 1, 3, 2016, 3710, 1, '', 1), (2872, 'Flat_301', 1, 4, 2016, 3710, 1, '', 1), (2873, 'Flat_301', 1, 5, 2016, 3710, 1, '', 1), (2874, 'Flat_301', 1, 6, 2016, 3710, 1, '', 1), (2875, 'Flat_301', 1, 7, 2016, 3710, 1, '', 1), (2876, 'Flat_301', 1, 8, 2016, 3710, 1, '', 1), (2877, 'Flat_2', 1, 10, 2010, 2000, 1, '', 1), (2878, 'Flat_2', 1, 11, 2010, 1541, 1, '', 1), (2879, 'Flat_2', 1, 0, 2011, -4975, 1, '', 1), (2880, 'Flat_2', 1, 1, 2011, 1345, 1, '', 1), (2881, 'Flat_2', 1, 2, 2011, 1278, 1, '', 1), (2882, 'Flat_2', 1, 3, 2011, 2299, 1, '', 1), (2883, 'Flat_2', 1, 4, 2011, 2359, 1, '', 1), (2884, 'Flat_2', 1, 5, 2011, 1750, 1, '', 1), (2885, 'Flat_2', 1, 6, 2011, 1750, 1, '', 1), (2886, 'Flat_2', 1, 7, 2011, 1750, 1, '', 1), (2887, 'Flat_2', 1, 8, 2011, 1750, 1, '', 1), (2888, 'Flat_2', 1, 9, 2011, 1750, 1, '', 1), (2889, 'Flat_2', 1, 10, 2011, 1000, 16, '', 1), (2890, 'Flat_2', 1, 11, 2011, 1750, 1, '', 1), (2891, 'Flat_2', 1, 0, 2012, 1750, 1, '', 1), (2892, 'Flat_2', 1, 1, 2012, 1750, 1, '', 1), (2893, 'Flat_2', 1, 2, 2012, 1750, 1, '', 1), (2894, 'Flat_2', 1, 3, 2012, 2130, 1, '', 1), (2895, 'Flat_2', 1, 4, 2012, 5000, 11, '', 1), (2896, 'Flat_2', 1, 5, 2012, 2130, 1, '', 1), (2897, 'Flat_2', 1, 6, 2012, 2130, 1, '', 1), (2898, 'Flat_2', 1, 7, 2012, 2130, 1, '', 1), (2899, 'Flat_2', 1, 8, 2012, 2130, 1, '', 1), (2900, 'Flat_2', 1, 9, 2012, 2130, 1, '', 1), (2901, 'Flat_2', 1, 10, 2012, 2130, 1, '', 1), (2902, 'Flat_2', 1, 11, 2012, 2130, 1, '', 1), (2903, 'Flat_2', 1, 0, 2013, 10000, 18, '', 1), (2904, 'Flat_2', 1, 1, 2013, 2430, 1, '', 1), (2905, 'Flat_2', 1, 2, 2013, 2430, 1, '', 1), (2906, 'Flat_2', 1, 3, 2013, 2430, 17, '', 1), (2907, 'Flat_2', 1, 4, 2013, 2430, 1, '', 1), (2908, 'Flat_2', 1, 5, 2013, 2430, 1, '', 1), (2909, 'Flat_2', 1, 6, 2013, 2950, 1, '', 1), (2910, 'Flat_2', 1, 7, 2013, 2950, 1, '', 1), (2911, 'Flat_2', 1, 8, 2013, 2950, 1, '', 1), (2912, 'Flat_2', 1, 9, 2013, 2950, 1, '', 1), (2913, 'Flat_2', 1, 10, 2013, 2950, 1, '', 1), (2914, 'Flat_2', 1, 11, 2013, 2950, 1, '', 1), (2915, 'Flat_2', 1, 0, 2014, 2950, 1, '', 1), (2916, 'Flat_2', 1, 1, 2014, 2950, 1, '', 1), (2917, 'Flat_2', 1, 2, 2014, 2950, 1, '', 1), (2918, 'Flat_2', 1, 3, 2014, 2950, 1, '', 1), (2919, 'Flat_2', 1, 4, 2014, 2950, 1, '', 1), (2920, 'Flat_2', 1, 5, 2014, 2950, 1, '', 1), (2921, 'Flat_2', 1, 6, 2014, 2950, 1, '', 1), (2922, 'Flat_2', 1, 7, 2014, 2950, 1, '', 1), (2923, 'Flat_2', 1, 8, 2014, 2950, 1, '', 1), (2924, 'Flat_2', 1, 9, 2014, 2950, 1, '', 1), (2925, 'Flat_2', 1, 10, 2014, 2950, 1, '', 1), (2926, 'Flat_2', 1, 11, 2014, 2950, 18, '', 1), (2927, 'Flat_2', 1, 0, 2015, 2950, 1, '', 1), (2928, 'Flat_2', 1, 1, 2015, 2950, 1, '', 1), (2929, 'Flat_2', 1, 2, 2015, 2950, 1, '', 1), (2930, 'Flat_2', 1, 3, 2015, 2950, 1, '', 1), (2931, 'Flat_2', 1, 4, 2015, 3150, 1, '', 1), (2932, 'Flat_2', 1, 5, 2015, 3150, 1, '', 1), (2933, 'Flat_2', 1, 6, 2015, 3150, 1, '', 1), (2934, 'Flat_2', 1, 7, 2015, 3150, 1, '', 1), (2935, 'Flat_2', 1, 8, 2015, 3150, 1, '', 1), (2936, 'Flat_2', 1, 9, 2015, 3150, 1, '', 1), (2937, 'Flat_2', 1, 10, 2015, 3150, 1, '', 1), (2938, 'Flat_2', 1, 11, 2015, 3150, 1, '', 1), (2939, 'Flat_2', 1, 0, 2016, 3150, 1, '', 1), (2940, 'Flat_2', 1, 1, 2016, 3150, 1, '', 1), (2941, 'Flat_2', 1, 2, 2016, 3150, 1, '', 1), (2942, 'Flat_2', 1, 3, 2016, 3150, 1, '', 1), (2943, 'Flat_2', 1, 4, 2016, 3150, 1, '', 1), (2944, 'Flat_2', 1, 5, 2016, 3150, 1, '', 1), (2945, 'Flat_2', 1, 6, 2016, 3150, 1, '', 1), (2946, 'Flat_2', 1, 7, 2016, 3150, 1, '', 1), (2947, 'Flat_2', 1, 8, 2016, 3150, 1, '', 1), (2948, 'Flat_102', 1, 10, 2010, 2000, 1, '', 1), (2949, 'Flat_102', 1, 11, 2010, 1541, 1, '', 1), (2950, 'Flat_102', 1, 0, 2011, 1423, 1, '', 1), (2951, 'Flat_102', 1, 1, 2011, 1345, 1, '', 1), (2952, 'Flat_102', 1, 2, 2011, 1278, 1, '', 1), (2953, 'Flat_102', 1, 3, 2011, 2299, 1, '', 1), (2954, 'Flat_102', 1, 4, 2011, 2359, 1, '', 1), (2955, 'Flat_102', 1, 5, 2011, 1750, 1, '', 1), (2956, 'Flat_102', 1, 6, 2011, 1750, 1, '', 1), (2957, 'Flat_102', 1, 7, 2011, 1750, 1, '', 1), (2958, 'Flat_102', 1, 8, 2011, 1750, 1, '', 1), (2959, 'Flat_102', 1, 9, 2011, 1750, 1, '', 1), (2960, 'Flat_102', 1, 10, 2011, 1000, 16, '', 1), (2961, 'Flat_102', 1, 11, 2011, 1750, 1, '', 1), (2962, 'Flat_102', 1, 0, 2012, 1750, 1, '', 1), (2963, 'Flat_102', 1, 1, 2012, 1750, 1, '', 1), (2964, 'Flat_102', 1, 2, 2012, 1750, 1, '', 1), (2965, 'Flat_102', 1, 3, 2012, 2130, 1, '', 1), (2966, 'Flat_102', 1, 4, 2012, 5000, 11, '', 1), (2967, 'Flat_102', 1, 5, 2012, 2130, 1, '', 1), (2968, 'Flat_102', 1, 6, 2012, 2130, 1, '', 1), (2969, 'Flat_102', 1, 7, 2012, 2130, 1, '', 1), (2970, 'Flat_102', 1, 8, 2012, 2130, 1, '', 1), (2971, 'Flat_102', 1, 9, 2012, 2130, 1, '', 1), (2972, 'Flat_102', 1, 10, 2012, 2130, 1, '', 1), (2973, 'Flat_102', 1, 11, 2012, 2130, 1, '', 1), (2974, 'Flat_102', 1, 0, 2013, 10000, 18, '', 1), (2975, 'Flat_102', 1, 1, 2013, 2430, 1, '', 1), (2976, 'Flat_102', 1, 2, 2013, 2430, 1, '', 1), (2977, 'Flat_102', 1, 3, 2013, 2430, 17, '', 1), (2978, 'Flat_102', 1, 4, 2013, 2430, 1, '', 1), (2979, 'Flat_102', 1, 5, 2013, 2430, 1, '', 1), (2980, 'Flat_102', 1, 6, 2013, 2950, 1, '', 1), (2981, 'Flat_102', 1, 7, 2013, 2950, 1, '', 1), (2982, 'Flat_102', 1, 8, 2013, 2950, 1, '', 1), (2983, 'Flat_102', 1, 9, 2013, 2950, 1, '', 1), (2984, 'Flat_102', 1, 10, 2013, 2950, 1, '', 1), (2985, 'Flat_102', 1, 11, 2013, 2950, 1, '', 1), (2986, 'Flat_102', 1, 0, 2014, 2950, 1, '', 1), (2987, 'Flat_102', 1, 1, 2014, 2950, 1, '', 1), (2988, 'Flat_102', 1, 2, 2014, 2950, 1, '', 1), (2989, 'Flat_102', 1, 3, 2014, 2950, 1, '', 1), (2990, 'Flat_102', 1, 4, 2014, 2950, 1, '', 1), (2991, 'Flat_102', 1, 5, 2014, 2950, 1, '', 1), (2992, 'Flat_102', 1, 6, 2014, 2950, 1, '', 1), (2993, 'Flat_102', 1, 7, 2014, 2950, 1, '', 1), (2994, 'Flat_102', 1, 8, 2014, 2950, 1, '', 1), (2995, 'Flat_102', 1, 9, 2014, 2950, 1, '', 1), (2996, 'Flat_102', 1, 10, 2014, 2950, 1, '', 1), (2997, 'Flat_102', 1, 11, 2014, 2950, 18, '', 1), (2998, 'Flat_102', 1, 0, 2015, 2950, 1, '', 1), (2999, 'Flat_102', 1, 1, 2015, 2950, 1, '', 1), (3000, 'Flat_102', 1, 2, 2015, 2950, 1, '', 1), (3001, 'Flat_102', 1, 3, 2015, 2950, 1, '', 1), (3002, 'Flat_102', 1, 4, 2015, 3150, 1, '', 1), (3003, 'Flat_102', 1, 5, 2015, 3150, 1, '', 1), (3004, 'Flat_102', 1, 6, 2015, 3150, 1, '', 1), (3005, 'Flat_102', 1, 7, 2015, 3150, 1, '', 1), (3006, 'Flat_102', 1, 8, 2015, 3150, 1, '', 1), (3007, 'Flat_102', 1, 9, 2015, 3150, 1, '', 1), (3008, 'Flat_102', 1, 10, 2015, 3150, 1, '', 1), (3009, 'Flat_102', 1, 11, 2015, 3150, 1, '', 1), (3010, 'Flat_102', 1, 0, 2016, 3150, 1, '', 1), (3011, 'Flat_102', 1, 1, 2016, 3150, 1, '', 1), (3012, 'Flat_102', 1, 2, 2016, 3150, 1, '', 1), (3013, 'Flat_102', 1, 3, 2016, 3150, 1, '', 1), (3014, 'Flat_102', 1, 4, 2016, 3150, 1, '', 1), (3015, 'Flat_102', 1, 5, 2016, 3150, 1, '', 1), (3016, 'Flat_102', 1, 6, 2016, 3150, 1, '', 1), (3017, 'Flat_102', 1, 7, 2016, 3150, 1, '', 1), (3018, 'Flat_102', 1, 8, 2016, 3150, 1, '', 1), (3019, 'Flat_202', 1, 10, 2010, 2000, 1, '', 1), (3020, 'Flat_202', 1, 11, 2010, 1541, 1, '', 1), (3021, 'Flat_202', 1, 0, 2011, 1423, 1, '', 1), (3022, 'Flat_202', 1, 1, 2011, 1345, 1, '', 1), (3023, 'Flat_202', 1, 2, 2011, 1278, 1, '', 1), (3024, 'Flat_202', 1, 3, 2011, 2299, 1, '', 1), (3025, 'Flat_202', 1, 4, 2011, 0, 1, '', 1), (3026, 'Flat_202', 1, 5, 2011, 0, 1, '', 1), (3027, 'Flat_202', 1, 6, 2011, 0, 1, '', 1), (3028, 'Flat_202', 1, 7, 2011, 0, 1, '', 1), (3029, 'Flat_202', 1, 8, 2011, 0, 1, '', 1), (3030, 'Flat_202', 1, 9, 2011, 1750, 1, '', 1), (3031, 'Flat_202', 1, 10, 2011, 1000, 16, '', 1), (3032, 'Flat_202', 1, 11, 2011, 1750, 1, '', 1), (3033, 'Flat_202', 1, 0, 2012, 1750, 1, '', 1), (3034, 'Flat_202', 1, 1, 2012, 1750, 1, '', 1), (3035, 'Flat_202', 1, 2, 2012, 1750, 1, '', 1), (3036, 'Flat_202', 1, 3, 2012, 2130, 1, '', 1), (3037, 'Flat_202', 1, 4, 2012, 0, 11, '', 1), (3038, 'Flat_202', 1, 5, 2012, 0, 1, '', 1), (3039, 'Flat_202', 1, 6, 2012, 0, 1, '', 1), (3040, 'Flat_202', 1, 7, 2012, 0, 1, '', 1), (3041, 'Flat_202', 1, 8, 2012, 0, 1, '', 1), (3042, 'Flat_202', 1, 9, 2012, 0, 1, '', 1), (3043, 'Flat_202', 1, 10, 2012, 0, 1, '', 1), (3044, 'Flat_202', 1, 11, 2012, 0, 1, '', 1), (3045, 'Flat_202', 1, 0, 2013, 0, 18, '', 1), (3046, 'Flat_202', 1, 1, 2013, -12527, 1, '', 1), (3047, 'Flat_202', 1, 2, 2013, 0, 1, '', 1), (3048, 'Flat_202', 1, 3, 2013, 0, 17, '', 1), (3049, 'Flat_202', 1, 4, 2013, 0, 1, '', 1), (3050, 'Flat_202', 1, 5, 2013, 0, 1, '', 1), (3051, 'Flat_202', 1, 6, 2013, 0, 1, '', 1), (3052, 'Flat_202', 1, 7, 2013, 0, 1, '', 1), (3053, 'Flat_202', 1, 8, 2013, 0, 1, '', 1), (3054, 'Flat_202', 1, 9, 2013, 0, 1, '', 1), (3055, 'Flat_202', 1, 10, 2013, 0, 1, '', 1), (3056, 'Flat_202', 1, 11, 2013, 0, 1, '', 1), (3057, 'Flat_202', 1, 0, 2014, 0, 1, '', 1), (3058, 'Flat_202', 1, 1, 2014, 0, 1, '', 1), (3059, 'Flat_202', 1, 2, 2014, 0, 1, '', 1), (3060, 'Flat_202', 1, 3, 2014, 0, 1, '', 1), (3061, 'Flat_202', 1, 4, 2014, 0, 1, '', 1), (3062, 'Flat_202', 1, 5, 2014, 0, 1, '', 1), (3063, 'Flat_202', 1, 6, 2014, 0, 1, '', 1), (3064, 'Flat_202', 1, 7, 2014, 0, 1, '', 1), (3065, 'Flat_202', 1, 8, 2014, 0, 1, '', 1), (3066, 'Flat_202', 1, 9, 2014, 0, 1, '', 1), (3067, 'Flat_202', 1, 10, 2014, 0, 1, '', 1), (3068, 'Flat_202', 1, 11, 2014, 0, 18, '', 1), (3069, 'Flat_202', 1, 0, 2015, 0, 1, '', 1), (3070, 'Flat_202', 1, 1, 2015, 0, 1, '', 1), (3071, 'Flat_202', 1, 2, 2015, 0, 1, '', 1), (3072, 'Flat_202', 1, 3, 2015, 0, 1, '', 1), (3073, 'Flat_202', 1, 4, 2015, 0, 1, '', 1), (3074, 'Flat_202', 1, 5, 2015, 0, 1, '', 1), (3075, 'Flat_202', 1, 6, 2015, 0, 1, '', 1), (3076, 'Flat_202', 1, 7, 2015, 0, 1, '', 1), (3077, 'Flat_202', 1, 8, 2015, 0, 1, '', 1), (3078, 'Flat_202', 1, 9, 2015, 0, 1, '', 1), (3079, 'Flat_202', 1, 10, 2015, 0, 1, '', 1), (3080, 'Flat_202', 1, 11, 2015, 0, 1, '', 1), (3081, 'Flat_202', 1, 0, 2016, 0, 1, '', 1), (3082, 'Flat_202', 1, 1, 2016, 0, 1, '', 1), (3083, 'Flat_202', 1, 2, 2016, 0, 1, '', 1), (3084, 'Flat_202', 1, 3, 2016, 0, 1, '', 1), (3085, 'Flat_202', 1, 4, 2016, 0, 1, '', 1), (3086, 'Flat_202', 1, 5, 2016, 0, 1, '', 1), (3087, 'Flat_202', 1, 6, 2016, 0, 1, '', 1), (3088, 'Flat_202', 1, 7, 2016, 0, 1, '', 1), (3089, 'Flat_202', 1, 8, 2016, 0, 1, '', 1), (3090, 'Flat_302', 1, 10, 2010, 2000, 1, '', 1), (3091, 'Flat_302', 1, 11, 2010, 1541, 1, '', 1), (3092, 'Flat_302', 1, 0, 2011, 1423, 1, '', 1), (3093, 'Flat_302', 1, 1, 2011, 1345, 1, '', 1), (3094, 'Flat_302', 1, 2, 2011, 1278, 1, '', 1), (3095, 'Flat_302', 1, 3, 2011, 2299, 1, '', 1), (3096, 'Flat_302', 1, 4, 2011, 2359, 1, '', 1), (3097, 'Flat_302', 1, 5, 2011, 1750, 1, '', 1), (3098, 'Flat_302', 1, 6, 2011, 1750, 1, '', 1), (3099, 'Flat_302', 1, 7, 2011, 1750, 1, '', 1), (3100, 'Flat_302', 1, 8, 2011, 1750, 1, '', 1), (3101, 'Flat_302', 1, 9, 2011, 1750, 1, '', 1), (3102, 'Flat_302', 1, 10, 2011, 1000, 16, '', 1), (3103, 'Flat_302', 1, 11, 2011, 1750, 1, '', 1), (3104, 'Flat_302', 1, 0, 2012, 1750, 1, '', 1), (3105, 'Flat_302', 1, 1, 2012, 1750, 1, '', 1), (3106, 'Flat_302', 1, 2, 2012, 1750, 1, '', 1), (3107, 'Flat_302', 1, 3, 2012, 2130, 1, '', 1), (3108, 'Flat_302', 1, 4, 2012, 5000, 11, '', 1), (3109, 'Flat_302', 1, 5, 2012, 2130, 1, '', 1), (3110, 'Flat_302', 1, 6, 2012, 2130, 1, '', 1), (3111, 'Flat_302', 1, 7, 2012, 2130, 1, '', 1), (3112, 'Flat_302', 1, 8, 2012, 2130, 1, '', 1), (3113, 'Flat_302', 1, 9, 2012, 2130, 1, '', 1), (3114, 'Flat_302', 1, 10, 2012, 2130, 1, '', 1), (3115, 'Flat_302', 1, 11, 2012, 2130, 1, '', 1), (3116, 'Flat_302', 1, 0, 2013, 10000, 18, '', 1), (3117, 'Flat_302', 1, 1, 2013, 2430, 1, '', 1), (3118, 'Flat_302', 1, 2, 2013, 2430, 1, '', 1), (3119, 'Flat_302', 1, 3, 2013, 2430, 17, '', 1), (3120, 'Flat_302', 1, 4, 2013, 2430, 1, '', 1), (3121, 'Flat_302', 1, 5, 2013, 2430, 1, '', 1), (3122, 'Flat_302', 1, 6, 2013, 2950, 1, '', 1), (3123, 'Flat_302', 1, 7, 2013, 2950, 1, '', 1), (3124, 'Flat_302', 1, 8, 2013, 2950, 1, '', 1), (3125, 'Flat_302', 1, 9, 2013, 2950, 1, '', 1), (3126, 'Flat_302', 1, 10, 2013, 2950, 1, '', 1), (3127, 'Flat_302', 1, 11, 2013, 2950, 1, '', 1), (3128, 'Flat_302', 1, 0, 2014, 2950, 1, '', 1), (3129, 'Flat_302', 1, 1, 2014, 2950, 1, '', 1), (3130, 'Flat_302', 1, 2, 2014, 2950, 1, '', 1), (3131, 'Flat_302', 1, 3, 2014, 2950, 1, '', 1), (3132, 'Flat_302', 1, 4, 2014, 2950, 1, '', 1), (3133, 'Flat_302', 1, 5, 2014, 2950, 1, '', 1), (3134, 'Flat_302', 1, 6, 2014, 2950, 1, '', 1), (3135, 'Flat_302', 1, 7, 2014, 2950, 1, '', 1), (3136, 'Flat_302', 1, 8, 2014, 2950, 1, '', 1), (3137, 'Flat_302', 1, 9, 2014, 2950, 1, '', 1), (3138, 'Flat_302', 1, 10, 2014, 2950, 1, '', 1), (3139, 'Flat_302', 1, 11, 2014, 2950, 18, '', 1), (3140, 'Flat_302', 1, 0, 2015, 2950, 1, '', 1), (3141, 'Flat_302', 1, 1, 2015, 2950, 1, '', 1), (3142, 'Flat_302', 1, 2, 2015, 2950, 1, '', 1), (3143, 'Flat_302', 1, 3, 2015, 2950, 1, '', 1), (3144, 'Flat_302', 1, 4, 2015, 3150, 1, '', 1), (3145, 'Flat_302', 1, 5, 2015, 3150, 1, '', 1), (3146, 'Flat_302', 1, 6, 2015, 3150, 1, '', 1), (3147, 'Flat_302', 1, 7, 2015, 3150, 1, '', 1), (3148, 'Flat_302', 1, 8, 2015, 3150, 1, '', 1), (3149, 'Flat_302', 1, 9, 2015, 3150, 1, '', 1), (3150, 'Flat_302', 1, 10, 2015, 3150, 1, '', 1), (3151, 'Flat_302', 1, 11, 2015, 3150, 1, '', 1), (3152, 'Flat_302', 1, 0, 2016, 3150, 1, '', 1), (3153, 'Flat_302', 1, 1, 2016, 3150, 1, '', 1), (3154, 'Flat_302', 1, 2, 2016, 3150, 1, '', 1), (3155, 'Flat_302', 1, 3, 2016, 3150, 1, '', 1), (3156, 'Flat_302', 1, 4, 2016, 3150, 1, '', 1), (3157, 'Flat_302', 1, 5, 2016, 3150, 1, '', 1), (3158, 'Flat_302', 1, 6, 2016, 3150, 1, '', 1), (3159, 'Flat_302', 1, 7, 2016, 3150, 1, '', 1), (3160, 'Flat_302', 1, 8, 2016, 3150, 1, '', 1), (3161, 'Flat_3', 1, 10, 2010, 2000, 1, '', 1), (3162, 'Flat_3', 1, 11, 2010, 0, 1, '', 1), (3163, 'Flat_3', 1, 0, 2011, 0, 1, '', 1), (3164, 'Flat_3', 1, 1, 2011, 0, 1, '', 1), (3165, 'Flat_3', 1, 2, 2011, 0, 1, '', 1), (3166, 'Flat_3', 1, 3, 2011, 0, 1, '', 1), (3167, 'Flat_3', 1, 4, 2011, 0, 1, '', 1), (3168, 'Flat_3', 1, 5, 2011, 0, 1, '', 1), (3169, 'Flat_3', 1, 6, 2011, 0, 1, '', 1), (3170, 'Flat_3', 1, 7, 2011, 0, 1, '', 1), (3171, 'Flat_3', 1, 8, 2011, 0, 1, '', 1), (3172, 'Flat_3', 1, 9, 2011, 0, 1, '', 1), (3173, 'Flat_3', 1, 10, 2011, 1000, 16, '', 1), (3174, 'Flat_3', 1, 11, 2011, 0, 1, '', 1), (3175, 'Flat_3', 1, 0, 2012, 0, 1, '', 1), (3176, 'Flat_3', 1, 1, 2012, 0, 1, '', 1), (3177, 'Flat_3', 1, 2, 2012, 0, 1, '', 1), (3178, 'Flat_3', 1, 3, 2012, 0, 1, '', 1), (3179, 'Flat_3', 1, 4, 2012, 0, 11, '', 1), (3180, 'Flat_3', 1, 5, 2012, 0, 1, '', 1), (3181, 'Flat_3', 1, 6, 2012, 0, 1, '', 1), (3182, 'Flat_3', 1, 7, 2012, 0, 1, '', 1), (3183, 'Flat_3', 1, 8, 2012, 0, 1, '', 1), (3184, 'Flat_3', 1, 9, 2012, 0, 1, '', 1), (3185, 'Flat_3', 1, 10, 2012, 0, 1, '', 1), (3186, 'Flat_3', 1, 11, 2012, 0, 1, '', 1), (3187, 'Flat_3', 1, 0, 2013, 10000, 18, '', 1), (3188, 'Flat_3', 1, 1, 2013, 2420, 1, '', 1), (3189, 'Flat_3', 1, 2, 2013, 2420, 1, '', 1), (3190, 'Flat_3', 1, 3, 2013, 2420, 17, '', 1), (3191, 'Flat_3', 1, 4, 2013, 2420, 1, '', 1), (3192, 'Flat_3', 1, 5, 2013, 2420, 1, '', 1), (3193, 'Flat_3', 1, 6, 2013, 2940, 1, '', 1), (3194, 'Flat_3', 1, 7, 2013, 2940, 1, '', 1), (3195, 'Flat_3', 1, 8, 2013, 2940, 1, '', 1), (3196, 'Flat_3', 1, 9, 2013, 2940, 1, '', 1), (3197, 'Flat_3', 1, 10, 2013, 2940, 1, '', 1), (3198, 'Flat_3', 1, 11, 2013, 2940, 1, '', 1), (3199, 'Flat_3', 1, 0, 2014, 2940, 1, '', 1), (3200, 'Flat_3', 1, 1, 2014, 2940, 1, '', 1), (3201, 'Flat_3', 1, 2, 2014, 2940, 1, '', 1), (3202, 'Flat_3', 1, 3, 2014, 2940, 1, '', 1), (3203, 'Flat_3', 1, 4, 2014, 2940, 1, '', 1), (3204, 'Flat_3', 1, 5, 2014, 2940, 1, '', 1), (3205, 'Flat_3', 1, 6, 2014, 2940, 1, '', 1), (3206, 'Flat_3', 1, 7, 2014, 2940, 1, '', 1), (3207, 'Flat_3', 1, 8, 2014, 2940, 1, '', 1), (3208, 'Flat_3', 1, 9, 2014, 2940, 1, '', 1), (3209, 'Flat_3', 1, 10, 2014, 2940, 1, '', 1), (3210, 'Flat_3', 1, 11, 2014, 2940, 18, '', 1), (3211, 'Flat_3', 1, 0, 2015, 2940, 1, '', 1), (3212, 'Flat_3', 1, 1, 2015, 2940, 1, '', 1), (3213, 'Flat_3', 1, 2, 2015, 2940, 1, '', 1), (3214, 'Flat_3', 1, 3, 2015, 2940, 1, '', 1), (3215, 'Flat_3', 1, 4, 2015, 3140, 1, '', 1), (3216, 'Flat_3', 1, 5, 2015, 3140, 1, '', 1), (3217, 'Flat_3', 1, 6, 2015, 3140, 1, '', 1), (3218, 'Flat_3', 1, 7, 2015, 3140, 1, '', 1), (3219, 'Flat_3', 1, 8, 2015, 3140, 1, '', 1), (3220, 'Flat_3', 1, 9, 2015, 3140, 1, '', 1), (3221, 'Flat_3', 1, 10, 2015, 3140, 1, '', 1), (3222, 'Flat_3', 1, 11, 2015, 3140, 1, '', 1), (3223, 'Flat_3', 1, 0, 2016, 3140, 1, '', 1), (3224, 'Flat_3', 1, 1, 2016, 3140, 1, '', 1), (3225, 'Flat_3', 1, 2, 2016, 3140, 1, '', 1), (3226, 'Flat_3', 1, 3, 2016, 3140, 1, '', 1), (3227, 'Flat_3', 1, 4, 2016, 3140, 1, '', 1), (3228, 'Flat_3', 1, 5, 2016, 3140, 1, '', 1), (3229, 'Flat_3', 1, 6, 2016, 3140, 1, '', 1), (3230, 'Flat_3', 1, 7, 2016, 3140, 1, '', 1), (3231, 'Flat_3', 1, 8, 2016, 3140, 1, '', 1), (3232, 'Flat_103', 1, 10, 2010, 2000, 1, '', 1), (3233, 'Flat_103', 1, 11, 2010, 1531, 1, '', 1), (3234, 'Flat_103', 1, 0, 2011, 1417, 1, '', 1), (3235, 'Flat_103', 1, 1, 2011, 1338, 1, '', 1), (3236, 'Flat_103', 1, 2, 2011, 1269, 1, '', 1), (3237, 'Flat_103', 1, 3, 2011, 2290, 1, '', 1), (3238, 'Flat_103', 1, 4, 2011, 2351, 1, '', 1), (3239, 'Flat_103', 1, 5, 2011, 1740, 1, '', 1), (3240, 'Flat_103', 1, 6, 2011, 1740, 1, '', 1), (3241, 'Flat_103', 1, 7, 2011, 1740, 1, '', 1), (3242, 'Flat_103', 1, 8, 2011, 1740, 1, '', 1), (3243, 'Flat_103', 1, 9, 2011, 1740, 1, '', 1), (3244, 'Flat_103', 1, 10, 2011, 1000, 16, '', 1), (3245, 'Flat_103', 1, 11, 2011, 1740, 1, '', 1), (3246, 'Flat_103', 1, 0, 2012, 1740, 1, '', 1), (3247, 'Flat_103', 1, 1, 2012, 1740, 1, '', 1), (3248, 'Flat_103', 1, 2, 2012, 1740, 1, '', 1), (3249, 'Flat_103', 1, 3, 2012, 2120, 1, '', 1), (3250, 'Flat_103', 1, 4, 2012, 5000, 11, '', 1), (3251, 'Flat_103', 1, 5, 2012, 2120, 1, '', 1), (3252, 'Flat_103', 1, 6, 2012, 2120, 1, '', 1), (3253, 'Flat_103', 1, 7, 2012, 2120, 1, '', 1), (3254, 'Flat_103', 1, 8, 2012, 2120, 1, '', 1), (3255, 'Flat_103', 1, 9, 2012, 2120, 1, '', 1), (3256, 'Flat_103', 1, 10, 2012, 2120, 1, '', 1), (3257, 'Flat_103', 1, 11, 2012, 2120, 1, '', 1), (3258, 'Flat_103', 1, 0, 2013, 10000, 18, '', 1), (3259, 'Flat_103', 1, 1, 2013, 2420, 1, '', 1), (3260, 'Flat_103', 1, 2, 2013, 2420, 1, '', 1), (3261, 'Flat_103', 1, 3, 2013, 2420, 17, '', 1), (3262, 'Flat_103', 1, 4, 2013, 2420, 1, '', 1), (3263, 'Flat_103', 1, 5, 2013, 2420, 1, '', 1), (3264, 'Flat_103', 1, 6, 2013, 2940, 1, '', 1), (3265, 'Flat_103', 1, 7, 2013, 2940, 1, '', 1), (3266, 'Flat_103', 1, 8, 2013, 2940, 1, '', 1), (3267, 'Flat_103', 1, 9, 2013, 2940, 1, '', 1), (3268, 'Flat_103', 1, 10, 2013, 2940, 1, '', 1), (3269, 'Flat_103', 1, 11, 2013, 2940, 1, '', 1), (3270, 'Flat_103', 1, 0, 2014, 2940, 1, '', 1), (3271, 'Flat_103', 1, 1, 2014, 2940, 1, '', 1), (3272, 'Flat_103', 1, 2, 2014, 2940, 1, '', 1), (3273, 'Flat_103', 1, 3, 2014, 2940, 1, '', 1), (3274, 'Flat_103', 1, 4, 2014, 2940, 1, '', 1), (3275, 'Flat_103', 1, 5, 2014, 2940, 1, '', 1), (3276, 'Flat_103', 1, 6, 2014, 2940, 1, '', 1), (3277, 'Flat_103', 1, 7, 2014, 2940, 1, '', 1), (3278, 'Flat_103', 1, 8, 2014, 2940, 1, '', 1), (3279, 'Flat_103', 1, 9, 2014, 2940, 1, '', 1), (3280, 'Flat_103', 1, 10, 2014, 2940, 1, '', 1), (3281, 'Flat_103', 1, 11, 2014, 2940, 18, '', 1), (3282, 'Flat_103', 1, 0, 2015, 2940, 1, '', 1), (3283, 'Flat_103', 1, 1, 2015, 2940, 1, '', 1), (3284, 'Flat_103', 1, 2, 2015, 2940, 1, '', 1), (3285, 'Flat_103', 1, 3, 2015, 2940, 1, '', 1), (3286, 'Flat_103', 1, 4, 2015, 3140, 1, '', 1), (3287, 'Flat_103', 1, 5, 2015, 3140, 1, '', 1), (3288, 'Flat_103', 1, 6, 2015, 3140, 1, '', 1), (3289, 'Flat_103', 1, 7, 2015, 3140, 1, '', 1), (3290, 'Flat_103', 1, 8, 2015, 3140, 1, '', 1), (3291, 'Flat_103', 1, 9, 2015, 3140, 1, '', 1), (3292, 'Flat_103', 1, 10, 2015, 3140, 1, '', 1), (3293, 'Flat_103', 1, 11, 2015, 3140, 1, '', 1), (3294, 'Flat_103', 1, 0, 2016, 3140, 1, '', 1), (3295, 'Flat_103', 1, 1, 2016, 3140, 1, '', 1), (3296, 'Flat_103', 1, 2, 2016, 3140, 1, '', 1), (3297, 'Flat_103', 1, 3, 2016, 3140, 1, '', 1), (3298, 'Flat_103', 1, 4, 2016, 3140, 1, '', 1), (3299, 'Flat_103', 1, 5, 2016, 3140, 1, '', 1), (3300, 'Flat_103', 1, 6, 2016, 3140, 1, '', 1), (3301, 'Flat_103', 1, 7, 2016, 3140, 1, '', 1), (3302, 'Flat_103', 1, 8, 2016, 3140, 1, '', 1), (3303, 'Flat_203', 1, 10, 2010, 2000, 1, '', 1), (3304, 'Flat_203', 1, 11, 2010, 1531, 1, '', 1), (3305, 'Flat_203', 1, 0, 2011, 1417, 1, '', 1), (3306, 'Flat_203', 1, 1, 2011, 1338, 1, '', 1), (3307, 'Flat_203', 1, 2, 2011, 1269, 1, '', 1), (3308, 'Flat_203', 1, 3, 2011, 2290, 1, '', 1), (3309, 'Flat_203', 1, 4, 2011, 2351, 1, '', 1), (3310, 'Flat_203', 1, 5, 2011, 1740, 1, '', 1), (3311, 'Flat_203', 1, 6, 2011, 1740, 1, '', 1), (3312, 'Flat_203', 1, 7, 2011, 1740, 1, '', 1), (3313, 'Flat_203', 1, 8, 2011, 1740, 1, '', 1), (3314, 'Flat_203', 1, 9, 2011, 1740, 1, '', 1), (3315, 'Flat_203', 1, 10, 2011, 1000, 16, '', 1), (3316, 'Flat_203', 1, 11, 2011, 1740, 1, '', 1), (3317, 'Flat_203', 1, 0, 2012, 1740, 1, '', 1), (3318, 'Flat_203', 1, 1, 2012, 1740, 1, '', 1), (3319, 'Flat_203', 1, 2, 2012, 1740, 1, '', 1), (3320, 'Flat_203', 1, 3, 2012, 2120, 1, '', 1), (3321, 'Flat_203', 1, 4, 2012, 5000, 11, '', 1), (3322, 'Flat_203', 1, 5, 2012, 2120, 1, '', 1), (3323, 'Flat_203', 1, 6, 2012, 2120, 1, '', 1), (3324, 'Flat_203', 1, 7, 2012, 2120, 1, '', 1), (3325, 'Flat_203', 1, 8, 2012, 2120, 1, '', 1), (3326, 'Flat_203', 1, 9, 2012, 2120, 1, '', 1), (3327, 'Flat_203', 1, 10, 2012, 2120, 1, '', 1), (3328, 'Flat_203', 1, 11, 2012, 2120, 1, '', 1), (3329, 'Flat_203', 1, 0, 2013, 10000, 18, '', 1), (3330, 'Flat_203', 1, 1, 2013, 2420, 1, '', 1), (3331, 'Flat_203', 1, 2, 2013, 2420, 1, '', 1), (3332, 'Flat_203', 1, 3, 2013, 2420, 17, '', 1), (3333, 'Flat_203', 1, 4, 2013, 2420, 1, '', 1), (3334, 'Flat_203', 1, 5, 2013, 2420, 1, '', 1), (3335, 'Flat_203', 1, 6, 2013, 2940, 1, '', 1), (3336, 'Flat_203', 1, 7, 2013, 2940, 1, '', 1), (3337, 'Flat_203', 1, 8, 2013, 2940, 1, '', 1), (3338, 'Flat_203', 1, 9, 2013, 2940, 1, '', 1), (3339, 'Flat_203', 1, 10, 2013, 2940, 1, '', 1), (3340, 'Flat_203', 1, 11, 2013, 2940, 1, '', 1), (3341, 'Flat_203', 1, 0, 2014, 2940, 1, '', 1), (3342, 'Flat_203', 1, 1, 2014, 2940, 1, '', 1), (3343, 'Flat_203', 1, 2, 2014, 2940, 1, '', 1), (3344, 'Flat_203', 1, 3, 2014, 2940, 1, '', 1), (3345, 'Flat_203', 1, 4, 2014, 2940, 1, '', 1), (3346, 'Flat_203', 1, 5, 2014, 2940, 1, '', 1), (3347, 'Flat_203', 1, 6, 2014, 2940, 1, '', 1), (3348, 'Flat_203', 1, 7, 2014, 2940, 1, '', 1), (3349, 'Flat_203', 1, 8, 2014, 2940, 1, '', 1), (3350, 'Flat_203', 1, 9, 2014, 2940, 1, '', 1), (3351, 'Flat_203', 1, 10, 2014, 2940, 1, '', 1), (3352, 'Flat_203', 1, 11, 2014, 2940, 18, '', 1), (3353, 'Flat_203', 1, 0, 2015, 2940, 1, '', 1), (3354, 'Flat_203', 1, 1, 2015, 2940, 1, '', 1), (3355, 'Flat_203', 1, 2, 2015, 2940, 1, '', 1), (3356, 'Flat_203', 1, 3, 2015, 2940, 1, '', 1), (3357, 'Flat_203', 1, 4, 2015, 3140, 1, '', 1), (3358, 'Flat_203', 1, 5, 2015, 3140, 1, '', 1), (3359, 'Flat_203', 1, 6, 2015, 3140, 1, '', 1), (3360, 'Flat_203', 1, 7, 2015, 3140, 1, '', 1), (3361, 'Flat_203', 1, 8, 2015, 3140, 1, '', 1), (3362, 'Flat_203', 1, 9, 2015, 3140, 1, '', 1), (3363, 'Flat_203', 1, 10, 2015, 3140, 1, '', 1), (3364, 'Flat_203', 1, 11, 2015, 3140, 1, '', 1), (3365, 'Flat_203', 1, 0, 2016, 3140, 1, '', 1), (3366, 'Flat_203', 1, 1, 2016, 3140, 1, '', 1), (3367, 'Flat_203', 1, 2, 2016, 3140, 1, '', 1), (3368, 'Flat_203', 1, 3, 2016, 3140, 1, '', 1), (3369, 'Flat_203', 1, 4, 2016, 3140, 1, '', 1), (3370, 'Flat_203', 1, 5, 2016, 3140, 1, '', 1), (3371, 'Flat_203', 1, 6, 2016, 3140, 1, '', 1), (3372, 'Flat_203', 1, 7, 2016, 3140, 1, '', 1), (3373, 'Flat_203', 1, 8, 2016, 3140, 1, '', 1), (3374, 'Flat_303', 1, 10, 2010, 2000, 1, '', 1), (3375, 'Flat_303', 1, 11, 2010, 1531, 1, '', 1), (3376, 'Flat_303', 1, 0, 2011, 1417, 1, '', 1), (3377, 'Flat_303', 1, 1, 2011, 1338, 1, '', 1), (3378, 'Flat_303', 1, 2, 2011, 1269, 1, '', 1), (3379, 'Flat_303', 1, 3, 2011, 2290, 1, '', 1), (3380, 'Flat_303', 1, 4, 2011, 2351, 1, '', 1), (3381, 'Flat_303', 1, 5, 2011, 1740, 1, '', 1), (3382, 'Flat_303', 1, 6, 2011, 1740, 1, '', 1), (3383, 'Flat_303', 1, 7, 2011, 1740, 1, '', 1), (3384, 'Flat_303', 1, 8, 2011, 1740, 1, '', 1), (3385, 'Flat_303', 1, 9, 2011, 1740, 1, '', 1), (3386, 'Flat_303', 1, 10, 2011, 1000, 16, '', 1), (3387, 'Flat_303', 1, 11, 2011, 1740, 1, '', 1), (3388, 'Flat_303', 1, 0, 2012, 1740, 1, '', 1), (3389, 'Flat_303', 1, 1, 2012, 1740, 1, '', 1), (3390, 'Flat_303', 1, 2, 2012, 1740, 1, '', 1), (3391, 'Flat_303', 1, 3, 2012, 2120, 1, '', 1), (3392, 'Flat_303', 1, 4, 2012, 5000, 11, '', 1), (3393, 'Flat_303', 1, 5, 2012, 2120, 1, '', 1), (3394, 'Flat_303', 1, 6, 2012, 2120, 1, '', 1), (3395, 'Flat_303', 1, 7, 2012, 2120, 1, '', 1), (3396, 'Flat_303', 1, 8, 2012, 2120, 1, '', 1), (3397, 'Flat_303', 1, 9, 2012, 2120, 1, '', 1), (3398, 'Flat_303', 1, 10, 2012, 2120, 1, '', 1), (3399, 'Flat_303', 1, 11, 2012, 2120, 1, '', 1), (3400, 'Flat_303', 1, 0, 2013, 0, 18, '', 1), (3401, 'Flat_303', 1, 1, 2013, -5018, 1, '', 1), (3402, 'Flat_303', 1, 2, 2013, 0, 1, '', 1), (3403, 'Flat_303', 1, 3, 2013, 0, 17, '', 1), (3404, 'Flat_303', 1, 4, 2013, 0, 1, '', 1), (3405, 'Flat_303', 1, 5, 2013, 0, 1, '', 1), (3406, 'Flat_303', 1, 6, 2013, 0, 1, '', 1), (3407, 'Flat_303', 1, 7, 2013, 0, 1, '', 1), (3408, 'Flat_303', 1, 8, 2013, 0, 1, '', 1), (3409, 'Flat_303', 1, 9, 2013, 0, 1, '', 1), (3410, 'Flat_303', 1, 10, 2013, 0, 1, '', 1), (3411, 'Flat_303', 1, 11, 2013, 0, 1, '', 1), (3412, 'Flat_303', 1, 0, 2014, 0, 1, '', 1), (3413, 'Flat_303', 1, 1, 2014, 0, 1, '', 1), (3414, 'Flat_303', 1, 2, 2014, 0, 1, '', 1), (3415, 'Flat_303', 1, 3, 2014, 0, 1, '', 1), (3416, 'Flat_303', 1, 4, 2014, 0, 1, '', 1), (3417, 'Flat_303', 1, 5, 2014, 0, 1, '', 1), (3418, 'Flat_303', 1, 6, 2014, 0, 1, '', 1), (3419, 'Flat_303', 1, 7, 2014, 0, 1, '', 1), (3420, 'Flat_303', 1, 8, 2014, 0, 1, '', 1), (3421, 'Flat_303', 1, 9, 2014, 0, 1, '', 1), (3422, 'Flat_303', 1, 10, 2014, 0, 1, '', 1), (3423, 'Flat_303', 1, 11, 2014, 0, 18, '', 1), (3424, 'Flat_303', 1, 0, 2015, 0, 1, '', 1), (3425, 'Flat_303', 1, 1, 2015, 0, 1, '', 1), (3426, 'Flat_303', 1, 2, 2015, 0, 1, '', 1), (3427, 'Flat_303', 1, 3, 2015, 0, 1, '', 1), (3428, 'Flat_303', 1, 4, 2015, 0, 1, '', 1), (3429, 'Flat_303', 1, 5, 2015, 0, 1, '', 1), (3430, 'Flat_303', 1, 6, 2015, 0, 1, '', 1), (3431, 'Flat_303', 1, 7, 2015, 0, 1, '', 1), (3432, 'Flat_303', 1, 8, 2015, 0, 1, '', 1), (3433, 'Flat_303', 1, 9, 2015, 0, 1, '', 1), (3434, 'Flat_303', 1, 10, 2015, 0, 1, '', 1), (3435, 'Flat_303', 1, 11, 2015, 0, 1, '', 1), (3436, 'Flat_303', 1, 0, 2016, 0, 1, '', 1), (3437, 'Flat_303', 1, 1, 2016, 0, 1, '', 1), (3438, 'Flat_303', 1, 2, 2016, 0, 1, '', 1), (3439, 'Flat_303', 1, 3, 2016, 0, 1, '', 1), (3440, 'Flat_303', 1, 4, 2016, 0, 1, '', 1), (3441, 'Flat_303', 1, 5, 2016, 0, 1, '', 1), (3442, 'Flat_303', 1, 6, 2016, 0, 1, '', 1), (3443, 'Flat_303', 1, 7, 2016, 0, 1, '', 1), (3444, 'Flat_303', 1, 8, 2016, 0, 1, '', 1), (3445, 'Flat_4', 1, 10, 2010, 2000, 1, '', 1), (3446, 'Flat_4', 1, 11, 2010, 1409, 1, '', 1), (3447, 'Flat_4', 1, 0, 2011, 1339, 1, '', 1), (3448, 'Flat_4', 1, 1, 2011, 1265, 1, '', 1), (3449, 'Flat_4', 1, 2, 2011, 1309, 1, '', 1), (3450, 'Flat_4', 1, 3, 2011, 2330, 1, '', 1), (3451, 'Flat_4', 1, 4, 2011, 2257, 1, '', 1), (3452, 'Flat_4', 1, 5, 2011, 1640, 1, '', 1), (3453, 'Flat_4', 1, 6, 2011, 1640, 1, '', 1), (3454, 'Flat_4', 1, 7, 2011, 1640, 1, '', 1), (3455, 'Flat_4', 1, 8, 2011, 1640, 1, '', 1), (3456, 'Flat_4', 1, 9, 2011, 1640, 1, '', 1), (3457, 'Flat_4', 1, 10, 2011, 1000, 16, '', 1), (3458, 'Flat_4', 1, 11, 2011, 1640, 1, '', 1), (3459, 'Flat_4', 1, 0, 2012, 1640, 1, '', 1), (3460, 'Flat_4', 1, 1, 2012, 1640, 1, '', 1), (3461, 'Flat_4', 1, 2, 2012, 1640, 1, '', 1), (3462, 'Flat_4', 1, 3, 2012, 1990, 1, '', 1), (3463, 'Flat_4', 1, 4, 2012, 5000, 11, '', 1), (3464, 'Flat_4', 1, 5, 2012, 1990, 1, '', 1), (3465, 'Flat_4', 1, 6, 2012, 1990, 1, '', 1), (3466, 'Flat_4', 1, 7, 2012, 1990, 1, '', 1), (3467, 'Flat_4', 1, 8, 2012, 1990, 1, '', 1), (3468, 'Flat_4', 1, 9, 2012, 1990, 1, '', 1), (3469, 'Flat_4', 1, 10, 2012, 1990, 1, '', 1), (3470, 'Flat_4', 1, 11, 2012, 1990, 1, '', 1), (3471, 'Flat_4', 1, 0, 2013, 10000, 18, '', 1), (3472, 'Flat_4', 1, 1, 2013, 2290, 1, '', 1), (3473, 'Flat_4', 1, 2, 2013, 2290, 1, '', 1), (3474, 'Flat_4', 1, 3, 2013, 2290, 17, '', 1), (3475, 'Flat_4', 1, 4, 2013, 2290, 1, '', 1), (3476, 'Flat_4', 1, 5, 2013, 2290, 1, '', 1), (3477, 'Flat_4', 1, 6, 2013, 2790, 1, '', 1), (3478, 'Flat_4', 1, 7, 2013, 2790, 1, '', 1), (3479, 'Flat_4', 1, 8, 2013, 2790, 1, '', 1), (3480, 'Flat_4', 1, 9, 2013, 2790, 1, '', 1), (3481, 'Flat_4', 1, 10, 2013, 2790, 1, '', 1), (3482, 'Flat_4', 1, 11, 2013, 2790, 1, '', 1), (3483, 'Flat_4', 1, 0, 2014, 2790, 1, '', 1), (3484, 'Flat_4', 1, 1, 2014, 2790, 1, '', 1), (3485, 'Flat_4', 1, 2, 2014, 2790, 1, '', 1), (3486, 'Flat_4', 1, 3, 2014, 2790, 1, '', 1), (3487, 'Flat_4', 1, 4, 2014, 2790, 1, '', 1), (3488, 'Flat_4', 1, 5, 2014, 2790, 1, '', 1), (3489, 'Flat_4', 1, 6, 2014, 2790, 1, '', 1), (3490, 'Flat_4', 1, 7, 2014, 2790, 1, '', 1), (3491, 'Flat_4', 1, 8, 2014, 2790, 1, '', 1), (3492, 'Flat_4', 1, 9, 2014, 2790, 1, '', 1), (3493, 'Flat_4', 1, 10, 2014, 2790, 1, '', 1), (3494, 'Flat_4', 1, 11, 2014, 2790, 18, '', 1), (3495, 'Flat_4', 1, 0, 2015, 2790, 1, '', 1), (3496, 'Flat_4', 1, 1, 2015, 2790, 1, '', 1), (3497, 'Flat_4', 1, 2, 2015, 2790, 1, '', 1), (3498, 'Flat_4', 1, 3, 2015, 2790, 1, '', 1), (3499, 'Flat_4', 1, 4, 2015, 2990, 1, '', 1), (3500, 'Flat_4', 1, 5, 2015, 2990, 1, '', 1), (3501, 'Flat_4', 1, 6, 2015, 2990, 1, '', 1), (3502, 'Flat_4', 1, 7, 2015, 2990, 1, '', 1), (3503, 'Flat_4', 1, 8, 2015, 2990, 1, '', 1), (3504, 'Flat_4', 1, 9, 2015, 2990, 1, '', 1), (3505, 'Flat_4', 1, 10, 2015, 2990, 1, '', 1), (3506, 'Flat_4', 1, 11, 2015, 2990, 1, '', 1), (3507, 'Flat_4', 1, 0, 2016, 2990, 1, '', 1), (3508, 'Flat_4', 1, 1, 2016, 2990, 1, '', 1), (3509, 'Flat_4', 1, 2, 2016, 2990, 1, '', 1), (3510, 'Flat_4', 1, 3, 2016, 2990, 1, '', 1), (3511, 'Flat_4', 1, 4, 2016, 2990, 1, '', 1), (3512, 'Flat_4', 1, 5, 2016, 2990, 1, '', 1), (3513, 'Flat_4', 1, 6, 2016, 2990, 1, '', 1), (3514, 'Flat_4', 1, 7, 2016, 2990, 1, '', 1), (3515, 'Flat_4', 1, 8, 2016, 2990, 1, '', 1), (3516, 'Flat_104', 1, 10, 2010, 2000, 1, '', 1), (3517, 'Flat_104', 1, 11, 2010, 1579, 1, '', 1), (3518, 'Flat_104', 1, 0, 2011, 1448, 1, '', 1), (3519, 'Flat_104', 1, 1, 2011, 1368, 1, '', 1), (3520, 'Flat_104', 1, 2, 2011, 1309, 1, '', 1), (3521, 'Flat_104', 1, 3, 2011, 2330, 1, '', 1), (3522, 'Flat_104', 1, 4, 2011, 2389, 1, '', 1), (3523, 'Flat_104', 1, 5, 2011, 1780, 1, '', 1), (3524, 'Flat_104', 1, 6, 2011, 1780, 1, '', 1), (3525, 'Flat_104', 1, 7, 2011, 1780, 1, '', 1), (3526, 'Flat_104', 1, 8, 2011, 1780, 1, '', 1), (3527, 'Flat_104', 1, 9, 2011, 1780, 1, '', 1), (3528, 'Flat_104', 1, 10, 2011, 1000, 16, '', 1), (3529, 'Flat_104', 1, 11, 2011, 1780, 1, '', 1), (3530, 'Flat_104', 1, 0, 2012, 1780, 1, '', 1), (3531, 'Flat_104', 1, 1, 2012, 1780, 1, '', 1), (3532, 'Flat_104', 1, 2, 2012, 1780, 1, '', 1), (3533, 'Flat_104', 1, 3, 2012, 2170, 1, '', 1), (3534, 'Flat_104', 1, 4, 2012, 5000, 11, '', 1), (3535, 'Flat_104', 1, 5, 2012, 2170, 1, '', 1), (3536, 'Flat_104', 1, 6, 2012, 2170, 1, '', 1), (3537, 'Flat_104', 1, 7, 2012, 2170, 1, '', 1), (3538, 'Flat_104', 1, 8, 2012, 2170, 1, '', 1), (3539, 'Flat_104', 1, 9, 2012, 2170, 1, '', 1), (3540, 'Flat_104', 1, 10, 2012, 2170, 1, '', 1), (3541, 'Flat_104', 1, 11, 2012, 2170, 1, '', 1), (3542, 'Flat_104', 1, 0, 2013, 10000, 18, '', 1), (3543, 'Flat_104', 1, 1, 2013, 2470, 1, '', 1), (3544, 'Flat_104', 1, 2, 2013, 2470, 1, '', 1), (3545, 'Flat_104', 1, 3, 2013, 2470, 17, '', 1), (3546, 'Flat_104', 1, 4, 2013, 2470, 1, '', 1), (3547, 'Flat_104', 1, 5, 2013, 2470, 1, '', 1), (3548, 'Flat_104', 1, 6, 2013, 3000, 1, '', 1), (3549, 'Flat_104', 1, 7, 2013, 3000, 1, '', 1), (3550, 'Flat_104', 1, 8, 2013, 3000, 1, '', 1), (3551, 'Flat_104', 1, 9, 2013, 3000, 1, '', 1), (3552, 'Flat_104', 1, 10, 2013, 3000, 1, '', 1), (3553, 'Flat_104', 1, 11, 2013, 3000, 1, '', 1), (3554, 'Flat_104', 1, 0, 2014, 3000, 1, '', 1), (3555, 'Flat_104', 1, 1, 2014, 3000, 1, '', 1), (3556, 'Flat_104', 1, 2, 2014, 3000, 1, '', 1), (3557, 'Flat_104', 1, 3, 2014, 3000, 1, '', 1), (3558, 'Flat_104', 1, 4, 2014, 3000, 1, '', 1), (3559, 'Flat_104', 1, 5, 2014, 3000, 1, '', 1), (3560, 'Flat_104', 1, 6, 2014, 3000, 1, '', 1), (3561, 'Flat_104', 1, 7, 2014, 3000, 1, '', 1), (3562, 'Flat_104', 1, 8, 2014, 3000, 1, '', 1), (3563, 'Flat_104', 1, 9, 2014, 3000, 1, '', 1), (3564, 'Flat_104', 1, 10, 2014, 3000, 1, '', 1), (3565, 'Flat_104', 1, 11, 2014, 3000, 18, '', 1), (3566, 'Flat_104', 1, 0, 2015, 3000, 1, '', 1), (3567, 'Flat_104', 1, 1, 2015, 3000, 1, '', 1), (3568, 'Flat_104', 1, 2, 2015, 3000, 1, '', 1), (3569, 'Flat_104', 1, 3, 2015, 3000, 1, '', 1), (3570, 'Flat_104', 1, 4, 2015, 3200, 1, '', 1), (3571, 'Flat_104', 1, 5, 2015, 3200, 1, '', 1), (3572, 'Flat_104', 1, 6, 2015, 3200, 1, '', 1), (3573, 'Flat_104', 1, 7, 2015, 3200, 1, '', 1), (3574, 'Flat_104', 1, 8, 2015, 3200, 1, '', 1), (3575, 'Flat_104', 1, 9, 2015, 3200, 1, '', 1), (3576, 'Flat_104', 1, 10, 2015, 3200, 1, '', 1), (3577, 'Flat_104', 1, 11, 2015, 3200, 1, '', 1), (3578, 'Flat_104', 1, 0, 2016, 3200, 1, '', 1), (3579, 'Flat_104', 1, 1, 2016, 3200, 1, '', 1), (3580, 'Flat_104', 1, 2, 2016, 3200, 1, '', 1), (3581, 'Flat_104', 1, 3, 2016, 3200, 1, '', 1), (3582, 'Flat_104', 1, 4, 2016, 3200, 1, '', 1), (3583, 'Flat_104', 1, 5, 2016, 3200, 1, '', 1), (3584, 'Flat_104', 1, 6, 2016, 3200, 1, '', 1), (3585, 'Flat_104', 1, 7, 2016, 3200, 1, '', 1), (3586, 'Flat_104', 1, 8, 2016, 3200, 1, '', 1), (3587, 'Flat_204', 1, 10, 2010, 2000, 1, '', 1), (3588, 'Flat_204', 1, 11, 2010, 1579, 1, '', 1), (3589, 'Flat_204', 1, 0, 2011, 1448, 1, '', 1), (3590, 'Flat_204', 1, 1, 2011, 1368, 1, '', 1), (3591, 'Flat_204', 1, 2, 2011, 1309, 1, '', 1), (3592, 'Flat_204', 1, 3, 2011, 2330, 1, '', 1), (3593, 'Flat_204', 1, 4, 2011, 2389, 1, '', 1), (3594, 'Flat_204', 1, 5, 2011, 1780, 1, '', 1), (3595, 'Flat_204', 1, 6, 2011, 1780, 1, '', 1), (3596, 'Flat_204', 1, 7, 2011, 1780, 1, '', 1), (3597, 'Flat_204', 1, 8, 2011, 1780, 1, '', 1), (3598, 'Flat_204', 1, 9, 2011, 1780, 1, '', 1), (3599, 'Flat_204', 1, 10, 2011, 1000, 16, '', 1), (3600, 'Flat_204', 1, 11, 2011, 1780, 1, '', 1), (3601, 'Flat_204', 1, 0, 2012, 1780, 1, '', 1), (3602, 'Flat_204', 1, 1, 2012, 1780, 1, '', 1), (3603, 'Flat_204', 1, 2, 2012, 1780, 1, '', 1), (3604, 'Flat_204', 1, 3, 2012, 2170, 1, '', 1), (3605, 'Flat_204', 1, 4, 2012, 5000, 11, '', 1), (3606, 'Flat_204', 1, 5, 2012, 2170, 1, '', 1), (3607, 'Flat_204', 1, 6, 2012, 2170, 1, '', 1), (3608, 'Flat_204', 1, 7, 2012, 2170, 1, '', 1), (3609, 'Flat_204', 1, 8, 2012, 2170, 1, '', 1), (3610, 'Flat_204', 1, 9, 2012, 2170, 1, '', 1), (3611, 'Flat_204', 1, 10, 2012, 2170, 1, '', 1), (3612, 'Flat_204', 1, 11, 2012, 2170, 1, '', 1), (3613, 'Flat_204', 1, 0, 2013, 10000, 18, '', 1), (3614, 'Flat_204', 1, 1, 2013, 2470, 1, '', 1), (3615, 'Flat_204', 1, 2, 2013, 2470, 1, '', 1), (3616, 'Flat_204', 1, 3, 2013, 2470, 17, '', 1), (3617, 'Flat_204', 1, 4, 2013, 2470, 1, '', 1), (3618, 'Flat_204', 1, 5, 2013, 2470, 1, '', 1), (3619, 'Flat_204', 1, 6, 2013, 3000, 1, '', 1), (3620, 'Flat_204', 1, 7, 2013, 3000, 1, '', 1), (3621, 'Flat_204', 1, 8, 2013, 3000, 1, '', 1), (3622, 'Flat_204', 1, 9, 2013, 3000, 1, '', 1), (3623, 'Flat_204', 1, 10, 2013, 3000, 1, '', 1), (3624, 'Flat_204', 1, 11, 2013, 3000, 1, '', 1), (3625, 'Flat_204', 1, 0, 2014, 3000, 1, '', 1), (3626, 'Flat_204', 1, 1, 2014, 3000, 1, '', 1), (3627, 'Flat_204', 1, 2, 2014, 3000, 1, '', 1), (3628, 'Flat_204', 1, 3, 2014, 3000, 1, '', 1), (3629, 'Flat_204', 1, 4, 2014, 3000, 1, '', 1), (3630, 'Flat_204', 1, 5, 2014, 3000, 1, '', 1), (3631, 'Flat_204', 1, 6, 2014, 3000, 1, '', 1), (3632, 'Flat_204', 1, 7, 2014, 3000, 1, '', 1), (3633, 'Flat_204', 1, 8, 2014, 3000, 1, '', 1), (3634, 'Flat_204', 1, 9, 2014, 3000, 1, '', 1), (3635, 'Flat_204', 1, 10, 2014, 3000, 1, '', 1), (3636, 'Flat_204', 1, 11, 2014, 3000, 18, '', 1), (3637, 'Flat_204', 1, 0, 2015, 3000, 1, '', 1), (3638, 'Flat_204', 1, 1, 2015, 3000, 1, '', 1), (3639, 'Flat_204', 1, 2, 2015, 3000, 1, '', 1), (3640, 'Flat_204', 1, 3, 2015, 3000, 1, '', 1), (3641, 'Flat_204', 1, 4, 2015, 3200, 1, '', 1), (3642, 'Flat_204', 1, 5, 2015, 3200, 1, '', 1), (3643, 'Flat_204', 1, 6, 2015, 3200, 1, '', 1), (3644, 'Flat_204', 1, 7, 2015, 3200, 1, '', 1), (3645, 'Flat_204', 1, 8, 2015, 3200, 1, '', 1), (3646, 'Flat_204', 1, 9, 2015, 3200, 1, '', 1), (3647, 'Flat_204', 1, 10, 2015, 3200, 1, '', 1), (3648, 'Flat_204', 1, 11, 2015, 3200, 1, '', 1), (3649, 'Flat_204', 1, 0, 2016, 3200, 1, '', 1), (3650, 'Flat_204', 1, 1, 2016, 3200, 1, '', 1), (3651, 'Flat_204', 1, 2, 2016, 3200, 1, '', 1), (3652, 'Flat_204', 1, 3, 2016, 3200, 1, '', 1), (3653, 'Flat_204', 1, 4, 2016, 3200, 1, '', 1), (3654, 'Flat_204', 1, 5, 2016, 3200, 1, '', 1), (3655, 'Flat_204', 1, 6, 2016, 3200, 1, '', 1), (3656, 'Flat_204', 1, 7, 2016, 3200, 1, '', 1), (3657, 'Flat_204', 1, 8, 2016, 3200, 1, '', 1), (3658, 'Flat_304', 1, 10, 2010, 2000, 1, '', 1), (3659, 'Flat_304', 1, 11, 2010, 1579, 1, '', 1), (3660, 'Flat_304', 1, 0, 2011, 1448, 1, '', 1), (3661, 'Flat_304', 1, 1, 2011, 1368, 1, '', 1), (3662, 'Flat_304', 1, 2, 2011, 1309, 1, '', 1), (3663, 'Flat_304', 1, 3, 2011, 2330, 1, '', 1), (3664, 'Flat_304', 1, 4, 2011, 2389, 1, '', 1), (3665, 'Flat_304', 1, 5, 2011, 1780, 1, '', 1), (3666, 'Flat_304', 1, 6, 2011, 1780, 1, '', 1), (3667, 'Flat_304', 1, 7, 2011, 1780, 1, '', 1), (3668, 'Flat_304', 1, 8, 2011, 1780, 1, '', 1), (3669, 'Flat_304', 1, 9, 2011, 1780, 1, '', 1), (3670, 'Flat_304', 1, 10, 2011, 1000, 16, '', 1), (3671, 'Flat_304', 1, 11, 2011, 1780, 1, '', 1), (3672, 'Flat_304', 1, 0, 2012, 1780, 1, '', 1), (3673, 'Flat_304', 1, 1, 2012, 1780, 1, '', 1), (3674, 'Flat_304', 1, 2, 2012, 1780, 1, '', 1), (3675, 'Flat_304', 1, 3, 2012, 2170, 1, '', 1), (3676, 'Flat_304', 1, 4, 2012, 5000, 11, '', 1), (3677, 'Flat_304', 1, 5, 2012, 2170, 1, '', 1), (3678, 'Flat_304', 1, 6, 2012, 2170, 1, '', 1), (3679, 'Flat_304', 1, 7, 2012, 2170, 1, '', 1), (3680, 'Flat_304', 1, 8, 2012, 2170, 1, '', 1), (3681, 'Flat_304', 1, 9, 2012, 2170, 1, '', 1), (3682, 'Flat_304', 1, 10, 2012, 2170, 1, '', 1), (3683, 'Flat_304', 1, 11, 2012, 2170, 1, '', 1), (3684, 'Flat_304', 1, 0, 2013, 10000, 18, '', 1), (3685, 'Flat_304', 1, 1, 2013, 2470, 1, '', 1), (3686, 'Flat_304', 1, 2, 2013, 2470, 1, '', 1), (3687, 'Flat_304', 1, 3, 2013, 2470, 17, '', 1), (3688, 'Flat_304', 1, 4, 2013, 2470, 1, '', 1), (3689, 'Flat_304', 1, 5, 2013, 2470, 1, '', 1), (3690, 'Flat_304', 1, 6, 2013, 3000, 1, '', 1), (3691, 'Flat_304', 1, 7, 2013, 3000, 1, '', 1), (3692, 'Flat_304', 1, 8, 2013, 3000, 1, '', 1), (3693, 'Flat_304', 1, 9, 2013, 3000, 1, '', 1), (3694, 'Flat_304', 1, 10, 2013, 3000, 1, '', 1), (3695, 'Flat_304', 1, 11, 2013, 3000, 1, '', 1), (3696, 'Flat_304', 1, 0, 2014, 3000, 1, '', 1), (3697, 'Flat_304', 1, 1, 2014, 3000, 1, '', 1), (3698, 'Flat_304', 1, 2, 2014, 3000, 1, '', 1), (3699, 'Flat_304', 1, 3, 2014, 3000, 1, '', 1), (3700, 'Flat_304', 1, 4, 2014, 3000, 1, '', 1), (3701, 'Flat_304', 1, 5, 2014, 3000, 1, '', 1), (3702, 'Flat_304', 1, 6, 2014, 3000, 1, '', 1), (3703, 'Flat_304', 1, 7, 2014, 3000, 1, '', 1), (3704, 'Flat_304', 1, 8, 2014, 3000, 1, '', 1), (3705, 'Flat_304', 1, 9, 2014, 3000, 1, '', 1), (3706, 'Flat_304', 1, 10, 2014, 3000, 1, '', 1), (3707, 'Flat_304', 1, 11, 2014, 3000, 18, '', 1), (3708, 'Flat_304', 1, 0, 2015, 3000, 1, '', 1), (3709, 'Flat_304', 1, 1, 2015, 3000, 1, '', 1), (3710, 'Flat_304', 1, 2, 2015, 3000, 1, '', 1), (3711, 'Flat_304', 1, 3, 2015, 3000, 1, '', 1), (3712, 'Flat_304', 1, 4, 2015, 3200, 1, '', 1), (3713, 'Flat_304', 1, 5, 2015, 3200, 1, '', 1), (3714, 'Flat_304', 1, 6, 2015, 3200, 1, '', 1), (3715, 'Flat_304', 1, 7, 2015, 3200, 1, '', 1), (3716, 'Flat_304', 1, 8, 2015, 3200, 1, '', 1), (3717, 'Flat_304', 1, 9, 2015, 3200, 1, '', 1), (3718, 'Flat_304', 1, 10, 2015, 3200, 1, '', 1), (3719, 'Flat_304', 1, 11, 2015, 3200, 1, '', 1), (3720, 'Flat_304', 1, 0, 2016, 3200, 1, '', 1), (3721, 'Flat_304', 1, 1, 2016, 3200, 1, '', 1), (3722, 'Flat_304', 1, 2, 2016, 3200, 1, '', 1), (3723, 'Flat_304', 1, 3, 2016, 3200, 1, '', 1), (3724, 'Flat_304', 1, 4, 2016, 3200, 1, '', 1), (3725, 'Flat_304', 1, 5, 2016, 3200, 1, '', 1), (3726, 'Flat_304', 1, 6, 2016, 3200, 1, '', 1), (3727, 'Flat_304', 1, 7, 2016, 3200, 1, '', 1), (3728, 'Flat_304', 1, 8, 2016, 3200, 1, '', 1), (3729, 'Flat_5', 1, 10, 2010, 2000, 1, '', 1), (3730, 'Flat_5', 1, 11, 2010, 0, 1, '', 1), (3731, 'Flat_5', 1, 0, 2011, 0, 1, '', 1), (3732, 'Flat_5', 1, 1, 2011, 0, 1, '', 1), (3733, 'Flat_5', 1, 2, 2011, 0, 1, '', 1), (3734, 'Flat_5', 1, 3, 2011, 0, 1, '', 1), (3735, 'Flat_5', 1, 4, 2011, 0, 1, '', 1), (3736, 'Flat_5', 1, 5, 2011, 0, 1, '', 1), (3737, 'Flat_5', 1, 6, 2011, 0, 1, '', 1), (3738, 'Flat_5', 1, 7, 2011, 0, 1, '', 1), (3739, 'Flat_5', 1, 8, 2011, 0, 1, '', 1), (3740, 'Flat_5', 1, 9, 2011, 0, 1, '', 1), (3741, 'Flat_5', 1, 10, 2011, 1000, 16, '', 1), (3742, 'Flat_5', 1, 11, 2011, 2290, 1, '', 1), (3743, 'Flat_5', 1, 0, 2012, 2290, 1, '', 1), (3744, 'Flat_5', 1, 1, 2012, 2290, 1, '', 1), (3745, 'Flat_5', 1, 2, 2012, 2290, 1, '', 1), (3746, 'Flat_5', 1, 3, 2012, 2800, 1, '', 1), (3747, 'Flat_5', 1, 4, 2012, 5000, 11, '', 1), (3748, 'Flat_5', 1, 5, 2012, 2800, 1, '', 1), (3749, 'Flat_5', 1, 6, 2012, 2800, 1, '', 1), (3750, 'Flat_5', 1, 7, 2012, 2800, 1, '', 1), (3751, 'Flat_5', 1, 8, 2012, 2800, 1, '', 1), (3752, 'Flat_5', 1, 9, 2012, 2800, 1, '', 1), (3753, 'Flat_5', 1, 10, 2012, 2800, 1, '', 1), (3754, 'Flat_5', 1, 11, 2012, 2800, 1, '', 1), (3755, 'Flat_5', 1, 0, 2013, 10000, 18, '', 1), (3756, 'Flat_5', 1, 1, 2013, 3100, 1, '', 1), (3757, 'Flat_5', 1, 2, 2013, 3100, 1, '', 1), (3758, 'Flat_5', 1, 3, 2013, 3100, 17, '', 1), (3759, 'Flat_5', 1, 4, 2013, 3100, 1, '', 1), (3760, 'Flat_5', 1, 5, 2013, 3100, 1, '', 1), (3761, 'Flat_5', 1, 6, 2013, 3760, 1, '', 1), (3762, 'Flat_5', 1, 7, 2013, 3760, 1, '', 1), (3763, 'Flat_5', 1, 8, 2013, 3760, 1, '', 1), (3764, 'Flat_5', 1, 9, 2013, 3760, 1, '', 1), (3765, 'Flat_5', 1, 10, 2013, 3760, 1, '', 1), (3766, 'Flat_5', 1, 11, 2013, 3760, 1, '', 1), (3767, 'Flat_5', 1, 0, 2014, 3760, 1, '', 1), (3768, 'Flat_5', 1, 1, 2014, 3760, 1, '', 1), (3769, 'Flat_5', 1, 2, 2014, 3760, 1, '', 1), (3770, 'Flat_5', 1, 3, 2014, 3760, 1, '', 1), (3771, 'Flat_5', 1, 4, 2014, 3760, 1, '', 1), (3772, 'Flat_5', 1, 5, 2014, 3760, 1, '', 1), (3773, 'Flat_5', 1, 6, 2014, 3760, 1, '', 1), (3774, 'Flat_5', 1, 7, 2014, 3760, 1, '', 1), (3775, 'Flat_5', 1, 8, 2014, 3760, 1, '', 1), (3776, 'Flat_5', 1, 9, 2014, 3760, 1, '', 1), (3777, 'Flat_5', 1, 10, 2014, 3760, 1, '', 1), (3778, 'Flat_5', 1, 11, 2014, 3760, 18, '', 1), (3779, 'Flat_5', 1, 0, 2015, 3760, 1, '', 1), (3780, 'Flat_5', 1, 1, 2015, 3760, 1, '', 1), (3781, 'Flat_5', 1, 2, 2015, 3760, 1, '', 1), (3782, 'Flat_5', 1, 3, 2015, 3760, 1, '', 1), (3783, 'Flat_5', 1, 4, 2015, 3960, 1, '', 1), (3784, 'Flat_5', 1, 5, 2015, 3960, 1, '', 1), (3785, 'Flat_5', 1, 6, 2015, 3960, 1, '', 1), (3786, 'Flat_5', 1, 7, 2015, 3960, 1, '', 1), (3787, 'Flat_5', 1, 8, 2015, 3960, 1, '', 1), (3788, 'Flat_5', 1, 9, 2015, 3960, 1, '', 1), (3789, 'Flat_5', 1, 10, 2015, 3960, 1, '', 1), (3790, 'Flat_5', 1, 11, 2015, 3960, 1, '', 1), (3791, 'Flat_5', 1, 0, 2016, 3960, 1, '', 1), (3792, 'Flat_5', 1, 1, 2016, 3960, 1, '', 1), (3793, 'Flat_5', 1, 2, 2016, 3960, 1, '', 1), (3794, 'Flat_5', 1, 3, 2016, 3960, 1, '', 1), (3795, 'Flat_5', 1, 4, 2016, 3960, 1, '', 1), (3796, 'Flat_5', 1, 5, 2016, 3960, 1, '', 1), (3797, 'Flat_5', 1, 6, 2016, 3960, 1, '', 1), (3798, 'Flat_5', 1, 7, 2016, 3960, 1, '', 1), (3799, 'Flat_5', 1, 8, 2016, 3960, 1, '', 1), (3800, 'Flat_105', 1, 10, 2010, 2000, 1, '', 1), (3801, 'Flat_105', 1, 11, 2010, 2178, 1, '', 1), (3802, 'Flat_105', 1, 0, 2011, 1830, 1, '', 1), (3803, 'Flat_105', 1, 1, 2011, 1728, 1, '', 1), (3804, 'Flat_105', 1, 2, 2011, 1806, 1, '', 1), (3805, 'Flat_105', 1, 3, 2011, 2816, 1, '', 1), (3806, 'Flat_105', 1, 4, 2011, 2852, 1, '', 1), (3807, 'Flat_105', 1, 5, 2011, 2290, 1, '', 1), (3808, 'Flat_105', 1, 6, 2011, 2290, 1, '', 1), (3809, 'Flat_105', 1, 7, 2011, 2290, 1, '', 1), (3810, 'Flat_105', 1, 8, 2011, 2290, 1, '', 1), (3811, 'Flat_105', 1, 9, 2011, 2290, 1, '', 1), (3812, 'Flat_105', 1, 10, 2011, 1000, 16, '', 1), (3813, 'Flat_105', 1, 11, 2011, 2290, 1, '', 1), (3814, 'Flat_105', 1, 0, 2012, 2290, 1, '', 1), (3815, 'Flat_105', 1, 1, 2012, 2290, 1, '', 1), (3816, 'Flat_105', 1, 2, 2012, 2290, 1, '', 1), (3817, 'Flat_105', 1, 3, 2012, 2800, 1, '', 1), (3818, 'Flat_105', 1, 4, 2012, 5000, 11, '', 1), (3819, 'Flat_105', 1, 5, 2012, 2800, 1, '', 1), (3820, 'Flat_105', 1, 6, 2012, 2800, 1, '', 1), (3821, 'Flat_105', 1, 7, 2012, 2800, 1, '', 1), (3822, 'Flat_105', 1, 8, 2012, 2800, 1, '', 1), (3823, 'Flat_105', 1, 9, 2012, 2800, 1, '', 1), (3824, 'Flat_105', 1, 10, 2012, 2800, 1, '', 1), (3825, 'Flat_105', 1, 11, 2012, 2800, 1, '', 1), (3826, 'Flat_105', 1, 0, 2013, 10000, 18, '', 1), (3827, 'Flat_105', 1, 1, 2013, 3100, 1, '', 1), (3828, 'Flat_105', 1, 2, 2013, 3100, 1, '', 1), (3829, 'Flat_105', 1, 3, 2013, 3100, 17, '', 1), (3830, 'Flat_105', 1, 4, 2013, 3100, 1, '', 1), (3831, 'Flat_105', 1, 5, 2013, 3100, 1, '', 1), (3832, 'Flat_105', 1, 6, 2013, 3760, 1, '', 1), (3833, 'Flat_105', 1, 7, 2013, 3760, 1, '', 1), (3834, 'Flat_105', 1, 8, 2013, 3760, 1, '', 1), (3835, 'Flat_105', 1, 9, 2013, 3760, 1, '', 1), (3836, 'Flat_105', 1, 10, 2013, 3760, 1, '', 1), (3837, 'Flat_105', 1, 11, 2013, 3760, 1, '', 1), (3838, 'Flat_105', 1, 0, 2014, 3760, 1, '', 1), (3839, 'Flat_105', 1, 1, 2014, 3760, 1, '', 1), (3840, 'Flat_105', 1, 2, 2014, 3760, 1, '', 1), (3841, 'Flat_105', 1, 3, 2014, 3760, 1, '', 1), (3842, 'Flat_105', 1, 4, 2014, 3760, 1, '', 1), (3843, 'Flat_105', 1, 5, 2014, 3760, 1, '', 1), (3844, 'Flat_105', 1, 6, 2014, 3760, 1, '', 1), (3845, 'Flat_105', 1, 7, 2014, 3760, 1, '', 1), (3846, 'Flat_105', 1, 8, 2014, 3760, 1, '', 1), (3847, 'Flat_105', 1, 9, 2014, 3760, 1, '', 1), (3848, 'Flat_105', 1, 10, 2014, 3760, 1, '', 1), (3849, 'Flat_105', 1, 11, 2014, 3760, 18, '', 1), (3850, 'Flat_105', 1, 0, 2015, 3760, 1, '', 1), (3851, 'Flat_105', 1, 1, 2015, 3760, 1, '', 1), (3852, 'Flat_105', 1, 2, 2015, 3760, 1, '', 1), (3853, 'Flat_105', 1, 3, 2015, 3760, 1, '', 1), (3854, 'Flat_105', 1, 4, 2015, 3960, 1, '', 1), (3855, 'Flat_105', 1, 5, 2015, 3960, 1, '', 1), (3856, 'Flat_105', 1, 6, 2015, 3960, 1, '', 1), (3857, 'Flat_105', 1, 7, 2015, 3960, 1, '', 1), (3858, 'Flat_105', 1, 8, 2015, 3960, 1, '', 1), (3859, 'Flat_105', 1, 9, 2015, 3960, 1, '', 1), (3860, 'Flat_105', 1, 10, 2015, 3960, 1, '', 1), (3861, 'Flat_105', 1, 11, 2015, 3960, 1, '', 1), (3862, 'Flat_105', 1, 0, 2016, 3960, 1, '', 1), (3863, 'Flat_105', 1, 1, 2016, 3960, 1, '', 1), (3864, 'Flat_105', 1, 2, 2016, 3960, 1, '', 1), (3865, 'Flat_105', 1, 3, 2016, 3960, 1, '', 1), (3866, 'Flat_105', 1, 4, 2016, 3960, 1, '', 1), (3867, 'Flat_105', 1, 5, 2016, 3960, 1, '', 1), (3868, 'Flat_105', 1, 6, 2016, 3960, 1, '', 1), (3869, 'Flat_105', 1, 7, 2016, 3960, 1, '', 1), (3870, 'Flat_105', 1, 8, 2016, 3960, 1, '', 1), (3871, 'Flat_205', 1, 10, 2010, 2000, 1, '', 1), (3872, 'Flat_205', 1, 11, 2010, 2178, 1, '', 1), (3873, 'Flat_205', 1, 0, 2011, 1830, 1, '', 1), (3874, 'Flat_205', 1, 1, 2011, 1728, 1, '', 1), (3875, 'Flat_205', 1, 2, 2011, 1806, 1, '', 1), (3876, 'Flat_205', 1, 3, 2011, 2816, 1, '', 1), (3877, 'Flat_205', 1, 4, 2011, 2852, 1, '', 1), (3878, 'Flat_205', 1, 5, 2011, 2290, 1, '', 1), (3879, 'Flat_205', 1, 6, 2011, 2290, 1, '', 1), (3880, 'Flat_205', 1, 7, 2011, 2290, 1, '', 1), (3881, 'Flat_205', 1, 8, 2011, 2290, 1, '', 1), (3882, 'Flat_205', 1, 9, 2011, 2290, 1, '', 1), (3883, 'Flat_205', 1, 10, 2011, 1000, 16, '', 1), (3884, 'Flat_205', 1, 11, 2011, 2290, 1, '', 1), (3885, 'Flat_205', 1, 0, 2012, 2290, 1, '', 1), (3886, 'Flat_205', 1, 1, 2012, 2290, 1, '', 1), (3887, 'Flat_205', 1, 2, 2012, 2290, 1, '', 1), (3888, 'Flat_205', 1, 3, 2012, 2800, 1, '', 1), (3889, 'Flat_205', 1, 4, 2012, 5000, 11, '', 1), (3890, 'Flat_205', 1, 5, 2012, 2800, 1, '', 1), (3891, 'Flat_205', 1, 6, 2012, 2800, 1, '', 1), (3892, 'Flat_205', 1, 7, 2012, 2800, 1, '', 1), (3893, 'Flat_205', 1, 8, 2012, 2800, 1, '', 1), (3894, 'Flat_205', 1, 9, 2012, 2800, 1, '', 1), (3895, 'Flat_205', 1, 10, 2012, 2800, 1, '', 1), (3896, 'Flat_205', 1, 11, 2012, 2800, 1, '', 1), (3897, 'Flat_205', 1, 0, 2013, 10000, 18, '', 1), (3898, 'Flat_205', 1, 1, 2013, 3100, 1, '', 1), (3899, 'Flat_205', 1, 2, 2013, 3100, 1, '', 1), (3900, 'Flat_205', 1, 3, 2013, 3100, 17, '', 1), (3901, 'Flat_205', 1, 4, 2013, 3100, 1, '', 1), (3902, 'Flat_205', 1, 5, 2013, 3100, 1, '', 1), (3903, 'Flat_205', 1, 6, 2013, 3760, 1, '', 1), (3904, 'Flat_205', 1, 7, 2013, 3760, 1, '', 1), (3905, 'Flat_205', 1, 8, 2013, 3760, 1, '', 1), (3906, 'Flat_205', 1, 9, 2013, 3760, 1, '', 1), (3907, 'Flat_205', 1, 10, 2013, 3760, 1, '', 1), (3908, 'Flat_205', 1, 11, 2013, 3760, 1, '', 1), (3909, 'Flat_205', 1, 0, 2014, 3760, 1, '', 1), (3910, 'Flat_205', 1, 1, 2014, 3760, 1, '', 1), (3911, 'Flat_205', 1, 2, 2014, 3760, 1, '', 1), (3912, 'Flat_205', 1, 3, 2014, 3760, 1, '', 1), (3913, 'Flat_205', 1, 4, 2014, 3760, 1, '', 1), (3914, 'Flat_205', 1, 5, 2014, 3760, 1, '', 1), (3915, 'Flat_205', 1, 6, 2014, 3760, 1, '', 1), (3916, 'Flat_205', 1, 7, 2014, 3760, 1, '', 1), (3917, 'Flat_205', 1, 8, 2014, 3760, 1, '', 1), (3918, 'Flat_205', 1, 9, 2014, 3760, 1, '', 1), (3919, 'Flat_205', 1, 10, 2014, 3760, 1, '', 1), (3920, 'Flat_205', 1, 11, 2014, 3760, 18, '', 1), (3921, 'Flat_205', 1, 0, 2015, 3760, 1, '', 1), (3922, 'Flat_205', 1, 1, 2015, 3760, 1, '', 1), (3923, 'Flat_205', 1, 2, 2015, 3760, 1, '', 1), (3924, 'Flat_205', 1, 3, 2015, 3760, 1, '', 1), (3925, 'Flat_205', 1, 4, 2015, 3960, 1, '', 1), (3926, 'Flat_205', 1, 5, 2015, 3960, 1, '', 1), (3927, 'Flat_205', 1, 6, 2015, 3960, 1, '', 1), (3928, 'Flat_205', 1, 7, 2015, 3960, 1, '', 1), (3929, 'Flat_205', 1, 8, 2015, 3960, 1, '', 1), (3930, 'Flat_205', 1, 9, 2015, 3960, 1, '', 1), (3931, 'Flat_205', 1, 10, 2015, 3960, 1, '', 1), (3932, 'Flat_205', 1, 11, 2015, 3960, 1, '', 1), (3933, 'Flat_205', 1, 0, 2016, 3960, 1, '', 1), (3934, 'Flat_205', 1, 1, 2016, 3960, 1, '', 1), (3935, 'Flat_205', 1, 2, 2016, 3960, 1, '', 1), (3936, 'Flat_205', 1, 3, 2016, 3960, 1, '', 1), (3937, 'Flat_205', 1, 4, 2016, 3960, 1, '', 1), (3938, 'Flat_205', 1, 5, 2016, 3960, 1, '', 1), (3939, 'Flat_205', 1, 6, 2016, 3960, 1, '', 1), (3940, 'Flat_205', 1, 7, 2016, 3960, 1, '', 1), (3941, 'Flat_205', 1, 8, 2016, 3960, 1, '', 1), (3942, 'Flat_305', 1, 10, 2010, 2000, 1, '', 1), (3943, 'Flat_305', 1, 11, 2010, 2178, 1, '', 1), (3944, 'Flat_305', 1, 0, 2011, 1830, 1, '', 1), (3945, 'Flat_305', 1, 1, 2011, 1728, 1, '', 1), (3946, 'Flat_305', 1, 2, 2011, 1806, 1, '', 1), (3947, 'Flat_305', 1, 3, 2011, 2816, 1, '', 1), (3948, 'Flat_305', 1, 4, 2011, 2852, 1, '', 1), (3949, 'Flat_305', 1, 5, 2011, 2290, 1, '', 1), (3950, 'Flat_305', 1, 6, 2011, 2290, 1, '', 1), (3951, 'Flat_305', 1, 7, 2011, 2290, 1, '', 1), (3952, 'Flat_305', 1, 8, 2011, 2290, 1, '', 1), (3953, 'Flat_305', 1, 9, 2011, 2290, 1, '', 1), (3954, 'Flat_305', 1, 10, 2011, 1000, 16, '', 1), (3955, 'Flat_305', 1, 11, 2011, 2290, 1, '', 1), (3956, 'Flat_305', 1, 0, 2012, 2290, 1, '', 1), (3957, 'Flat_305', 1, 1, 2012, 2290, 1, '', 1), (3958, 'Flat_305', 1, 2, 2012, 2290, 1, '', 1), (3959, 'Flat_305', 1, 3, 2012, 2800, 1, '', 1), (3960, 'Flat_305', 1, 4, 2012, 5000, 11, '', 1), (3961, 'Flat_305', 1, 5, 2012, 2800, 1, '', 1), (3962, 'Flat_305', 1, 6, 2012, 2800, 1, '', 1), (3963, 'Flat_305', 1, 7, 2012, 2800, 1, '', 1), (3964, 'Flat_305', 1, 8, 2012, 2800, 1, '', 1), (3965, 'Flat_305', 1, 9, 2012, 2800, 1, '', 1), (3966, 'Flat_305', 1, 10, 2012, 2800, 1, '', 1), (3967, 'Flat_305', 1, 11, 2012, 2800, 1, '', 1), (3968, 'Flat_305', 1, 0, 2013, 10000, 18, '', 1), (3969, 'Flat_305', 1, 1, 2013, 3100, 1, '', 1), (3970, 'Flat_305', 1, 2, 2013, 3100, 1, '', 1), (3971, 'Flat_305', 1, 3, 2013, 3100, 17, '', 1), (3972, 'Flat_305', 1, 4, 2013, 3100, 1, '', 1), (3973, 'Flat_305', 1, 5, 2013, 3100, 1, '', 1), (3974, 'Flat_305', 1, 6, 2013, 3760, 1, '', 1), (3975, 'Flat_305', 1, 7, 2013, 3760, 1, '', 1), (3976, 'Flat_305', 1, 8, 2013, 3760, 1, '', 1), (3977, 'Flat_305', 1, 9, 2013, 3760, 1, '', 1), (3978, 'Flat_305', 1, 10, 2013, 3760, 1, '', 1), (3979, 'Flat_305', 1, 11, 2013, 3760, 1, '', 1), (3980, 'Flat_305', 1, 0, 2014, 3760, 1, '', 1), (3981, 'Flat_305', 1, 1, 2014, 3760, 1, '', 1), (3982, 'Flat_305', 1, 2, 2014, 3760, 1, '', 1), (3983, 'Flat_305', 1, 3, 2014, 3760, 1, '', 1), (3984, 'Flat_305', 1, 4, 2014, 3760, 1, '', 1), (3985, 'Flat_305', 1, 5, 2014, 3760, 1, '', 1), (3986, 'Flat_305', 1, 6, 2014, 3760, 1, '', 1), (3987, 'Flat_305', 1, 7, 2014, 3760, 1, '', 1), (3988, 'Flat_305', 1, 8, 2014, 3760, 1, '', 1), (3989, 'Flat_305', 1, 9, 2014, 3760, 1, '', 1), (3990, 'Flat_305', 1, 10, 2014, 3760, 1, '', 1), (3991, 'Flat_305', 1, 11, 2014, 3760, 18, '', 1), (3992, 'Flat_305', 1, 0, 2015, 3760, 1, '', 1), (3993, 'Flat_305', 1, 1, 2015, 3760, 1, '', 1), (3994, 'Flat_305', 1, 2, 2015, 3760, 1, '', 1), (3995, 'Flat_305', 1, 3, 2015, 3760, 1, '', 1), (3996, 'Flat_305', 1, 4, 2015, 3960, 1, '', 1), (3997, 'Flat_305', 1, 5, 2015, 3960, 1, '', 1), (3998, 'Flat_305', 1, 6, 2015, 3960, 1, '', 1), (3999, 'Flat_305', 1, 7, 2015, 3960, 1, '', 1), (4000, 'Flat_305', 1, 8, 2015, 3960, 1, '', 1), (4001, 'Flat_305', 1, 9, 2015, 3960, 1, '', 1), (4002, 'Flat_305', 1, 10, 2015, 3960, 1, '', 1), (4003, 'Flat_305', 1, 11, 2015, 3960, 1, '', 1), (4004, 'Flat_305', 1, 0, 2016, 3960, 1, '', 1), (4005, 'Flat_305', 1, 1, 2016, 3960, 1, '', 1), (4006, 'Flat_305', 1, 2, 2016, 3960, 1, '', 1), (4007, 'Flat_305', 1, 3, 2016, 3960, 1, '', 1), (4008, 'Flat_305', 1, 4, 2016, 3960, 1, '', 1), (4009, 'Flat_305', 1, 5, 2016, 3960, 1, '', 1), (4010, 'Flat_305', 1, 6, 2016, 3960, 1, '', 1), (4011, 'Flat_305', 1, 7, 2016, 3960, 1, '', 1), (4012, 'Flat_305', 1, 8, 2016, 3960, 1, '', 1), (4013, 'Flat_6', 1, 10, 2010, 2000, 1, '', 1), (4014, 'Flat_6', 1, 11, 2010, 1616, 1, '', 1), (4015, 'Flat_6', 1, 0, 2011, 1471, 1, '', 1), (4016, 'Flat_6', 1, 1, 2011, 1390, 1, '', 1), (4017, 'Flat_6', 1, 2, 2011, 1421, 1, '', 1), (4018, 'Flat_6', 1, 3, 2011, 2439, 1, '', 1), (4019, 'Flat_6', 1, 4, 2011, 2417, 1, '', 1), (4020, 'Flat_6', 1, 5, 2011, 1820, 1, '', 1), (4021, 'Flat_6', 1, 6, 2011, 1820, 1, '', 1), (4022, 'Flat_6', 1, 7, 2011, 1820, 1, '', 1), (4023, 'Flat_6', 1, 8, 2011, 1820, 1, '', 1), (4024, 'Flat_6', 1, 9, 2011, 1820, 1, '', 1), (4025, 'Flat_6', 1, 10, 2011, 1000, 16, '', 1), (4026, 'Flat_6', 1, 11, 2011, 1820, 1, '', 1), (4027, 'Flat_6', 1, 0, 2012, 1820, 1, '', 1), (4028, 'Flat_6', 1, 1, 2012, 1820, 1, '', 1), (4029, 'Flat_6', 1, 2, 2012, 1820, 1, '', 1), (4030, 'Flat_6', 1, 3, 2012, 2210, 1, '', 1), (4031, 'Flat_6', 1, 4, 2012, 5000, 11, '', 1), (4032, 'Flat_6', 1, 5, 2012, 2210, 1, '', 1), (4033, 'Flat_6', 1, 6, 2012, 2210, 1, '', 1), (4034, 'Flat_6', 1, 7, 2012, 2210, 1, '', 1), (4035, 'Flat_6', 1, 8, 2012, 2210, 1, '', 1), (4036, 'Flat_6', 1, 9, 2012, 2210, 1, '', 1), (4037, 'Flat_6', 1, 10, 2012, 2210, 1, '', 1), (4038, 'Flat_6', 1, 11, 2012, 2210, 1, '', 1), (4039, 'Flat_6', 1, 0, 2013, 10000, 18, '', 1), (4040, 'Flat_6', 1, 1, 2013, 2510, 1, '', 1), (4041, 'Flat_6', 1, 2, 2013, 2510, 1, '', 1), (4042, 'Flat_6', 1, 3, 2013, 2510, 17, '', 1), (4043, 'Flat_6', 1, 4, 2013, 2510, 1, '', 1), (4044, 'Flat_6', 1, 5, 2013, 2510, 1, '', 1), (4045, 'Flat_6', 1, 6, 2013, 3050, 1, '', 1), (4046, 'Flat_6', 1, 7, 2013, 3050, 1, '', 1), (4047, 'Flat_6', 1, 8, 2013, 3050, 1, '', 1), (4048, 'Flat_6', 1, 9, 2013, 3050, 1, '', 1), (4049, 'Flat_6', 1, 10, 2013, 3050, 1, '', 1), (4050, 'Flat_6', 1, 11, 2013, 3050, 1, '', 1), (4051, 'Flat_6', 1, 0, 2014, 3050, 1, '', 1), (4052, 'Flat_6', 1, 1, 2014, 3050, 1, '', 1), (4053, 'Flat_6', 1, 2, 2014, 3050, 1, '', 1), (4054, 'Flat_6', 1, 3, 2014, 3050, 1, '', 1), (4055, 'Flat_6', 1, 4, 2014, 3050, 1, '', 1), (4056, 'Flat_6', 1, 5, 2014, 3050, 1, '', 1), (4057, 'Flat_6', 1, 6, 2014, 3050, 1, '', 1), (4058, 'Flat_6', 1, 7, 2014, 3050, 1, '', 1), (4059, 'Flat_6', 1, 8, 2014, 3050, 1, '', 1), (4060, 'Flat_6', 1, 9, 2014, 3050, 1, '', 1), (4061, 'Flat_6', 1, 10, 2014, 3050, 1, '', 1), (4062, 'Flat_6', 1, 11, 2014, 3050, 18, '', 1), (4063, 'Flat_6', 1, 0, 2015, 3050, 1, '', 1), (4064, 'Flat_6', 1, 1, 2015, 3050, 1, '', 1), (4065, 'Flat_6', 1, 2, 2015, 3050, 1, '', 1), (4066, 'Flat_6', 1, 3, 2015, 3050, 1, '', 1), (4067, 'Flat_6', 1, 4, 2015, 3250, 1, '', 1), (4068, 'Flat_6', 1, 5, 2015, 3250, 1, '', 1), (4069, 'Flat_6', 1, 6, 2015, 3250, 1, '', 1), (4070, 'Flat_6', 1, 7, 2015, 3250, 1, '', 1), (4071, 'Flat_6', 1, 8, 2015, 3250, 1, '', 1), (4072, 'Flat_6', 1, 9, 2015, 3250, 1, '', 1), (4073, 'Flat_6', 1, 10, 2015, 3250, 1, '', 1), (4074, 'Flat_6', 1, 11, 2015, 3250, 1, '', 1), (4075, 'Flat_6', 1, 0, 2016, 3250, 1, '', 1), (4076, 'Flat_6', 1, 1, 2016, 3250, 1, '', 1), (4077, 'Flat_6', 1, 2, 2016, 3250, 1, '', 1), (4078, 'Flat_6', 1, 3, 2016, 3250, 1, '', 1), (4079, 'Flat_6', 1, 4, 2016, 3250, 1, '', 1), (4080, 'Flat_6', 1, 5, 2016, 3250, 1, '', 1), (4081, 'Flat_6', 1, 6, 2016, 3250, 1, '', 1), (4082, 'Flat_6', 1, 7, 2016, 3250, 1, '', 1), (4083, 'Flat_6', 1, 8, 2016, 3250, 1, '', 1), (4084, 'Flat_106', 1, 10, 2010, 2000, 1, '', 1), (4085, 'Flat_106', 1, 11, 2010, 1714, 1, '', 1), (4086, 'Flat_106', 1, 0, 2011, 1534, 1, '', 1), (4087, 'Flat_106', 1, 1, 2011, 1449, 1, '', 1), (4088, 'Flat_106', 1, 2, 2011, 1421, 1, '', 1), (4089, 'Flat_106', 1, 3, 2011, 2439, 1, '', 1), (4090, 'Flat_106', 1, 4, 2011, 2493, 1, '', 1), (4091, 'Flat_106', 1, 5, 2011, 1900, 1, '', 1), (4092, 'Flat_106', 1, 6, 2011, 1900, 1, '', 1), (4093, 'Flat_106', 1, 7, 2011, 1900, 1, '', 1), (4094, 'Flat_106', 1, 8, 2011, 1900, 1, '', 1), (4095, 'Flat_106', 1, 9, 2011, 1900, 1, '', 1), (4096, 'Flat_106', 1, 10, 2011, 1000, 16, '', 1), (4097, 'Flat_106', 1, 11, 2011, 1900, 1, '', 1), (4098, 'Flat_106', 1, 0, 2012, 1900, 1, '', 1), (4099, 'Flat_106', 1, 1, 2012, 1900, 1, '', 1), (4100, 'Flat_106', 1, 2, 2012, 1900, 1, '', 1), (4101, 'Flat_106', 1, 3, 2012, 2310, 1, '', 1), (4102, 'Flat_106', 1, 4, 2012, 5000, 11, '', 1), (4103, 'Flat_106', 1, 5, 2012, 2310, 1, '', 1), (4104, 'Flat_106', 1, 6, 2012, 2310, 1, '', 1), (4105, 'Flat_106', 1, 7, 2012, 2310, 1, '', 1), (4106, 'Flat_106', 1, 8, 2012, 2310, 1, '', 1), (4107, 'Flat_106', 1, 9, 2012, 2310, 1, '', 1), (4108, 'Flat_106', 1, 10, 2012, 2310, 1, '', 1), (4109, 'Flat_106', 1, 11, 2012, 2310, 1, '', 1), (4110, 'Flat_106', 1, 0, 2013, 10000, 18, '', 1), (4111, 'Flat_106', 1, 1, 2013, 2610, 1, '', 1), (4112, 'Flat_106', 1, 2, 2013, 2610, 1, '', 1), (4113, 'Flat_106', 1, 3, 2013, 2610, 17, '', 1), (4114, 'Flat_106', 1, 4, 2013, 2610, 1, '', 1), (4115, 'Flat_106', 1, 5, 2013, 2610, 1, '', 1), (4116, 'Flat_106', 1, 6, 2013, 3170, 1, '', 1), (4117, 'Flat_106', 1, 7, 2013, 3170, 1, '', 1), (4118, 'Flat_106', 1, 8, 2013, 3170, 1, '', 1), (4119, 'Flat_106', 1, 9, 2013, 3170, 1, '', 1), (4120, 'Flat_106', 1, 10, 2013, 3170, 1, '', 1), (4121, 'Flat_106', 1, 11, 2013, 3170, 1, '', 1), (4122, 'Flat_106', 1, 0, 2014, 3170, 1, '', 1), (4123, 'Flat_106', 1, 1, 2014, 3170, 1, '', 1), (4124, 'Flat_106', 1, 2, 2014, 3170, 1, '', 1), (4125, 'Flat_106', 1, 3, 2014, 3170, 1, '', 1), (4126, 'Flat_106', 1, 4, 2014, 3170, 1, '', 1), (4127, 'Flat_106', 1, 5, 2014, 3170, 1, '', 1), (4128, 'Flat_106', 1, 6, 2014, 3170, 1, '', 1), (4129, 'Flat_106', 1, 7, 2014, 3170, 1, '', 1), (4130, 'Flat_106', 1, 8, 2014, 3170, 1, '', 1), (4131, 'Flat_106', 1, 9, 2014, 3170, 1, '', 1), (4132, 'Flat_106', 1, 10, 2014, 3170, 1, '', 1), (4133, 'Flat_106', 1, 11, 2014, 3170, 18, '', 1), (4134, 'Flat_106', 1, 0, 2015, 3170, 1, '', 1), (4135, 'Flat_106', 1, 1, 2015, 3170, 1, '', 1), (4136, 'Flat_106', 1, 2, 2015, 3170, 1, '', 1), (4137, 'Flat_106', 1, 3, 2015, 3170, 1, '', 1), (4138, 'Flat_106', 1, 4, 2015, 3370, 1, '', 1), (4139, 'Flat_106', 1, 5, 2015, 3370, 1, '', 1), (4140, 'Flat_106', 1, 6, 2015, 3370, 1, '', 1), (4141, 'Flat_106', 1, 7, 2015, 3370, 1, '', 1), (4142, 'Flat_106', 1, 8, 2015, 3370, 1, '', 1), (4143, 'Flat_106', 1, 9, 2015, 3370, 1, '', 1), (4144, 'Flat_106', 1, 10, 2015, 3370, 1, '', 1), (4145, 'Flat_106', 1, 11, 2015, 3370, 1, '', 1), (4146, 'Flat_106', 1, 0, 2016, 3370, 1, '', 1), (4147, 'Flat_106', 1, 1, 2016, 3370, 1, '', 1), (4148, 'Flat_106', 1, 2, 2016, 3370, 1, '', 1), (4149, 'Flat_106', 1, 3, 2016, 3370, 1, '', 1), (4150, 'Flat_106', 1, 4, 2016, 3370, 1, '', 1), (4151, 'Flat_106', 1, 5, 2016, 3370, 1, '', 1), (4152, 'Flat_106', 1, 6, 2016, 3370, 1, '', 1), (4153, 'Flat_106', 1, 7, 2016, 3370, 1, '', 1), (4154, 'Flat_106', 1, 8, 2016, 3370, 1, '', 1), (4155, 'Flat_206', 1, 10, 2010, 2000, 1, '', 1), (4156, 'Flat_206', 1, 11, 2010, 1714, 1, '', 1), (4157, 'Flat_206', 1, 0, 2011, 1534, 1, '', 1), (4158, 'Flat_206', 1, 1, 2011, 1449, 1, '', 1), (4159, 'Flat_206', 1, 2, 2011, 1421, 1, '', 1), (4160, 'Flat_206', 1, 3, 2011, 2439, 1, '', 1), (4161, 'Flat_206', 1, 4, 2011, 2493, 1, '', 1), (4162, 'Flat_206', 1, 5, 2011, 1900, 1, '', 1), (4163, 'Flat_206', 1, 6, 2011, 1900, 1, '', 1), (4164, 'Flat_206', 1, 7, 2011, 1900, 1, '', 1), (4165, 'Flat_206', 1, 8, 2011, 1900, 1, '', 1), (4166, 'Flat_206', 1, 9, 2011, 1900, 1, '', 1), (4167, 'Flat_206', 1, 10, 2011, 1000, 16, '', 1), (4168, 'Flat_206', 1, 11, 2011, 1900, 1, '', 1), (4169, 'Flat_206', 1, 0, 2012, 1900, 1, '', 1), (4170, 'Flat_206', 1, 1, 2012, 1900, 1, '', 1), (4171, 'Flat_206', 1, 2, 2012, 1900, 1, '', 1), (4172, 'Flat_206', 1, 3, 2012, 2310, 1, '', 1), (4173, 'Flat_206', 1, 4, 2012, 5000, 11, '', 1), (4174, 'Flat_206', 1, 5, 2012, 2310, 1, '', 1), (4175, 'Flat_206', 1, 6, 2012, 2310, 1, '', 1), (4176, 'Flat_206', 1, 7, 2012, 2310, 1, '', 1), (4177, 'Flat_206', 1, 8, 2012, 2310, 1, '', 1), (4178, 'Flat_206', 1, 9, 2012, 2310, 1, '', 1), (4179, 'Flat_206', 1, 10, 2012, 2310, 1, '', 1), (4180, 'Flat_206', 1, 11, 2012, 2310, 1, '', 1), (4181, 'Flat_206', 1, 0, 2013, 10000, 18, '', 1), (4182, 'Flat_206', 1, 1, 2013, 2610, 1, '', 1), (4183, 'Flat_206', 1, 2, 2013, 2610, 1, '', 1), (4184, 'Flat_206', 1, 3, 2013, 2610, 17, '', 1), (4185, 'Flat_206', 1, 4, 2013, 2610, 1, '', 1), (4186, 'Flat_206', 1, 5, 2013, 2610, 1, '', 1), (4187, 'Flat_206', 1, 6, 2013, 3170, 1, '', 1), (4188, 'Flat_206', 1, 7, 2013, 3170, 1, '', 1), (4189, 'Flat_206', 1, 8, 2013, 3170, 1, '', 1), (4190, 'Flat_206', 1, 9, 2013, 3170, 1, '', 1), (4191, 'Flat_206', 1, 10, 2013, 3170, 1, '', 1), (4192, 'Flat_206', 1, 11, 2013, 3170, 1, '', 1), (4193, 'Flat_206', 1, 0, 2014, 3170, 1, '', 1), (4194, 'Flat_206', 1, 1, 2014, 3170, 1, '', 1), (4195, 'Flat_206', 1, 2, 2014, 3170, 1, '', 1), (4196, 'Flat_206', 1, 3, 2014, 3170, 1, '', 1), (4197, 'Flat_206', 1, 4, 2014, 3170, 1, '', 1), (4198, 'Flat_206', 1, 5, 2014, 3170, 1, '', 1), (4199, 'Flat_206', 1, 6, 2014, 3170, 1, '', 1), (4200, 'Flat_206', 1, 7, 2014, 3170, 1, '', 1), (4201, 'Flat_206', 1, 8, 2014, 3170, 1, '', 1), (4202, 'Flat_206', 1, 9, 2014, 3170, 1, '', 1), (4203, 'Flat_206', 1, 10, 2014, 3170, 1, '', 1), (4204, 'Flat_206', 1, 11, 2014, 3170, 18, '', 1), (4205, 'Flat_206', 1, 0, 2015, 3170, 1, '', 1), (4206, 'Flat_206', 1, 1, 2015, 3170, 1, '', 1), (4207, 'Flat_206', 1, 2, 2015, 3170, 1, '', 1), (4208, 'Flat_206', 1, 3, 2015, 3170, 1, '', 1), (4209, 'Flat_206', 1, 4, 2015, 3370, 1, '', 1), (4210, 'Flat_206', 1, 5, 2015, 3370, 1, '', 1), (4211, 'Flat_206', 1, 6, 2015, 3370, 1, '', 1), (4212, 'Flat_206', 1, 7, 2015, 3370, 1, '', 1), (4213, 'Flat_206', 1, 8, 2015, 3370, 1, '', 1), (4214, 'Flat_206', 1, 9, 2015, 3370, 1, '', 1), (4215, 'Flat_206', 1, 10, 2015, 3370, 1, '', 1), (4216, 'Flat_206', 1, 11, 2015, 3370, 1, '', 1), (4217, 'Flat_206', 1, 0, 2016, 3370, 1, '', 1), (4218, 'Flat_206', 1, 1, 2016, 3370, 1, '', 1), (4219, 'Flat_206', 1, 2, 2016, 3370, 1, '', 1), (4220, 'Flat_206', 1, 3, 2016, 3370, 1, '', 1), (4221, 'Flat_206', 1, 4, 2016, 3370, 1, '', 1), (4222, 'Flat_206', 1, 5, 2016, 3370, 1, '', 1), (4223, 'Flat_206', 1, 6, 2016, 3370, 1, '', 1), (4224, 'Flat_206', 1, 7, 2016, 3370, 1, '', 1), (4225, 'Flat_206', 1, 8, 2016, 3370, 1, '', 1), (4226, 'Flat_306', 1, 10, 2010, 2000, 1, '', 1), (4227, 'Flat_306', 1, 11, 2010, 1714, 1, '', 1), (4228, 'Flat_306', 1, 0, 2011, 1534, 1, '', 1), (4229, 'Flat_306', 1, 1, 2011, 1449, 1, '', 1), (4230, 'Flat_306', 1, 2, 2011, 1421, 1, '', 1), (4231, 'Flat_306', 1, 3, 2011, 2439, 1, '', 1), (4232, 'Flat_306', 1, 4, 2011, 2493, 1, '', 1), (4233, 'Flat_306', 1, 5, 2011, 1900, 1, '', 1), (4234, 'Flat_306', 1, 6, 2011, 1900, 1, '', 1), (4235, 'Flat_306', 1, 7, 2011, 1900, 1, '', 1), (4236, 'Flat_306', 1, 8, 2011, 1900, 1, '', 1), (4237, 'Flat_306', 1, 9, 2011, 1900, 1, '', 1), (4238, 'Flat_306', 1, 10, 2011, 1000, 16, '', 1), (4239, 'Flat_306', 1, 11, 2011, 1900, 1, '', 1), (4240, 'Flat_306', 1, 0, 2012, 1900, 1, '', 1), (4241, 'Flat_306', 1, 1, 2012, 1900, 1, '', 1), (4242, 'Flat_306', 1, 2, 2012, 1900, 1, '', 1), (4243, 'Flat_306', 1, 3, 2012, 2310, 1, '', 1), (4244, 'Flat_306', 1, 4, 2012, 5000, 11, '', 1), (4245, 'Flat_306', 1, 5, 2012, 2310, 1, '', 1), (4246, 'Flat_306', 1, 6, 2012, 2310, 1, '', 1), (4247, 'Flat_306', 1, 7, 2012, 2310, 1, '', 1), (4248, 'Flat_306', 1, 8, 2012, 2310, 1, '', 1), (4249, 'Flat_306', 1, 9, 2012, 2310, 1, '', 1), (4250, 'Flat_306', 1, 10, 2012, 2310, 1, '', 1), (4251, 'Flat_306', 1, 11, 2012, 2310, 1, '', 1), (4252, 'Flat_306', 1, 0, 2013, 10000, 18, '', 1), (4253, 'Flat_306', 1, 1, 2013, 2610, 1, '', 1), (4254, 'Flat_306', 1, 2, 2013, 2610, 1, '', 1), (4255, 'Flat_306', 1, 3, 2013, 2610, 17, '', 1), (4256, 'Flat_306', 1, 4, 2013, 2610, 1, '', 1), (4257, 'Flat_306', 1, 5, 2013, 2610, 1, '', 1), (4258, 'Flat_306', 1, 6, 2013, 3170, 1, '', 1), (4259, 'Flat_306', 1, 7, 2013, 3170, 1, '', 1), (4260, 'Flat_306', 1, 8, 2013, 3170, 1, '', 1), (4261, 'Flat_306', 1, 9, 2013, 3170, 1, '', 1), (4262, 'Flat_306', 1, 10, 2013, 3170, 1, '', 1), (4263, 'Flat_306', 1, 11, 2013, 3170, 1, '', 1), (4264, 'Flat_306', 1, 0, 2014, 3170, 1, '', 1), (4265, 'Flat_306', 1, 1, 2014, 3170, 1, '', 1), (4266, 'Flat_306', 1, 2, 2014, 3170, 1, '', 1), (4267, 'Flat_306', 1, 3, 2014, 3170, 1, '', 1), (4268, 'Flat_306', 1, 4, 2014, 3170, 1, '', 1), (4269, 'Flat_306', 1, 5, 2014, 3170, 1, '', 1), (4270, 'Flat_306', 1, 6, 2014, 3170, 1, '', 1), (4271, 'Flat_306', 1, 7, 2014, 3170, 1, '', 1), (4272, 'Flat_306', 1, 8, 2014, 3170, 1, '', 1), (4273, 'Flat_306', 1, 9, 2014, 3170, 1, '', 1), (4274, 'Flat_306', 1, 10, 2014, 3170, 1, '', 1), (4275, 'Flat_306', 1, 11, 2014, 3170, 18, '', 1), (4276, 'Flat_306', 1, 0, 2015, 3170, 1, '', 1), (4277, 'Flat_306', 1, 1, 2015, 3170, 1, '', 1), (4278, 'Flat_306', 1, 2, 2015, 3170, 1, '', 1), (4279, 'Flat_306', 1, 3, 2015, 3170, 1, '', 1), (4280, 'Flat_306', 1, 4, 2015, 3370, 1, '', 1), (4281, 'Flat_306', 1, 5, 2015, 3370, 1, '', 1), (4282, 'Flat_306', 1, 6, 2015, 3370, 1, '', 1), (4283, 'Flat_306', 1, 7, 2015, 3370, 1, '', 1), (4284, 'Flat_306', 1, 8, 2015, 3370, 1, '', 1), (4285, 'Flat_306', 1, 9, 2015, 3370, 1, '', 1), (4286, 'Flat_306', 1, 10, 2015, 3370, 1, '', 1), (4287, 'Flat_306', 1, 11, 2015, 3370, 1, '', 1), (4288, 'Flat_306', 1, 0, 2016, 3370, 1, '', 1), (4289, 'Flat_306', 1, 1, 2016, 3370, 1, '', 1), (4290, 'Flat_306', 1, 2, 2016, 3370, 1, '', 1), (4291, 'Flat_306', 1, 3, 2016, 3370, 1, '', 1), (4292, 'Flat_306', 1, 4, 2016, 3370, 1, '', 1), (4293, 'Flat_306', 1, 5, 2016, 3370, 1, '', 1), (4294, 'Flat_306', 1, 6, 2016, 3370, 1, '', 1), (4295, 'Flat_306', 1, 7, 2016, 3370, 1, '', 1), (4296, 'Flat_306', 1, 8, 2016, 3370, 1, '', 1), (4297, 'Flat_7', 1, 10, 2010, 2000, 1, '', 1), (4298, 'Flat_7', 1, 11, 2010, 1771, 1, '', 1), (4299, 'Flat_7', 1, 0, 2011, 1570, 1, '', 1), (4300, 'Flat_7', 1, 1, 2011, 1483, 1, '', 1), (4301, 'Flat_7', 1, 2, 2011, 1469, 1, '', 1), (4302, 'Flat_7', 1, 3, 2011, 2485, 1, '', 1), (4303, 'Flat_7', 1, 4, 2011, 2537, 1, '', 1), (4304, 'Flat_7', 1, 5, 2011, 1660, 1, '', 1), (4305, 'Flat_7', 1, 6, 2011, 1660, 1, '', 1), (4306, 'Flat_7', 1, 7, 2011, 1660, 1, '', 1), (4307, 'Flat_7', 1, 8, 2011, 1660, 1, '', 1), (4308, 'Flat_7', 1, 9, 2011, 1660, 1, '', 1), (4309, 'Flat_7', 1, 10, 2011, 1000, 16, '', 1), (4310, 'Flat_7', 1, 11, 2011, 1660, 1, '', 1), (4311, 'Flat_7', 1, 0, 2012, 1660, 1, '', 1), (4312, 'Flat_7', 1, 1, 2012, 1660, 1, '', 1), (4313, 'Flat_7', 1, 2, 2012, 1660, 1, '', 1), (4314, 'Flat_7', 1, 3, 2012, 2010, 1, '', 1), (4315, 'Flat_7', 1, 4, 2012, 5000, 11, '', 1), (4316, 'Flat_7', 1, 5, 2012, 2010, 1, '', 1), (4317, 'Flat_7', 1, 6, 2012, 2010, 1, '', 1), (4318, 'Flat_7', 1, 7, 2012, 2010, 1, '', 1), (4319, 'Flat_7', 1, 8, 2012, 2010, 1, '', 1), (4320, 'Flat_7', 1, 9, 2012, 2010, 1, '', 1), (4321, 'Flat_7', 1, 10, 2012, 2010, 1, '', 1), (4322, 'Flat_7', 1, 11, 2012, 2010, 1, '', 1), (4323, 'Flat_7', 1, 0, 2013, 10000, 18, '', 1), (4324, 'Flat_7', 1, 1, 2013, 2310, 1, '', 1), (4325, 'Flat_7', 1, 2, 2013, 2310, 1, '', 1), (4326, 'Flat_7', 1, 3, 2013, 2310, 17, '', 1), (4327, 'Flat_7', 1, 4, 2013, 2310, 1, '', 1), (4328, 'Flat_7', 1, 5, 2013, 2310, 1, '', 1), (4329, 'Flat_7', 1, 6, 2013, 2820, 1, '', 1), (4330, 'Flat_7', 1, 7, 2013, 2820, 1, '', 1), (4331, 'Flat_7', 1, 8, 2013, 2820, 1, '', 1), (4332, 'Flat_7', 1, 9, 2013, 2820, 1, '', 1), (4333, 'Flat_7', 1, 10, 2013, 2820, 1, '', 1), (4334, 'Flat_7', 1, 11, 2013, 2820, 1, '', 1), (4335, 'Flat_7', 1, 0, 2014, 2820, 1, '', 1), (4336, 'Flat_7', 1, 1, 2014, 2820, 1, '', 1), (4337, 'Flat_7', 1, 2, 2014, 2820, 1, '', 1), (4338, 'Flat_7', 1, 3, 2014, 2820, 1, '', 1), (4339, 'Flat_7', 1, 4, 2014, 2820, 1, '', 1), (4340, 'Flat_7', 1, 5, 2014, 2820, 1, '', 1), (4341, 'Flat_7', 1, 6, 2014, 2820, 1, '', 1), (4342, 'Flat_7', 1, 7, 2014, 2820, 1, '', 1), (4343, 'Flat_7', 1, 8, 2014, 2820, 1, '', 1), (4344, 'Flat_7', 1, 9, 2014, 2820, 1, '', 1), (4345, 'Flat_7', 1, 10, 2014, 2820, 1, '', 1), (4346, 'Flat_7', 1, 11, 2014, 2820, 18, '', 1), (4347, 'Flat_7', 1, 0, 2015, 2820, 1, '', 1), (4348, 'Flat_7', 1, 1, 2015, 2820, 1, '', 1), (4349, 'Flat_7', 1, 2, 2015, 2820, 1, '', 1), (4350, 'Flat_7', 1, 3, 2015, 2820, 1, '', 1), (4351, 'Flat_7', 1, 4, 2015, 3020, 1, '', 1), (4352, 'Flat_7', 1, 5, 2015, 3020, 1, '', 1), (4353, 'Flat_7', 1, 6, 2015, 3020, 1, '', 1), (4354, 'Flat_7', 1, 7, 2015, 3020, 1, '', 1), (4355, 'Flat_7', 1, 8, 2015, 3020, 1, '', 1), (4356, 'Flat_7', 1, 9, 2015, 3020, 1, '', 1), (4357, 'Flat_7', 1, 10, 2015, 3020, 1, '', 1), (4358, 'Flat_7', 1, 11, 2015, 3020, 1, '', 1), (4359, 'Flat_7', 1, 0, 2016, 3020, 1, '', 1), (4360, 'Flat_7', 1, 1, 2016, 3020, 1, '', 1), (4361, 'Flat_7', 1, 2, 2016, 3020, 1, '', 1), (4362, 'Flat_7', 1, 3, 2016, 3020, 1, '', 1), (4363, 'Flat_7', 1, 4, 2016, 3020, 1, '', 1), (4364, 'Flat_7', 1, 5, 2016, 3020, 1, '', 1), (4365, 'Flat_7', 1, 6, 2016, 3020, 1, '', 1), (4366, 'Flat_7', 1, 7, 2016, 3020, 1, '', 1), (4367, 'Flat_7', 1, 8, 2016, 3020, 1, '', 1), (4368, 'Flat_107', 1, 10, 2010, 2000, 1, '', 1), (4369, 'Flat_107', 1, 11, 2010, 1771, 1, '', 1), (4370, 'Flat_107', 1, 0, 2011, 1570, 1, '', 1), (4371, 'Flat_107', 1, 1, 2011, 1483, 1, '', 1), (4372, 'Flat_107', 1, 2, 2011, 1469, 1, '', 1), (4373, 'Flat_107', 1, 3, 2011, 2485, 1, '', 1), (4374, 'Flat_107', 1, 4, 2011, 2537, 1, '', 1), (4375, 'Flat_107', 1, 5, 2011, 1950, 1, '', 1), (4376, 'Flat_107', 1, 6, 2011, 1950, 1, '', 1), (4377, 'Flat_107', 1, 7, 2011, 1950, 1, '', 1), (4378, 'Flat_107', 1, 8, 2011, 1950, 1, '', 1), (4379, 'Flat_107', 1, 9, 2011, 1950, 1, '', 1), (4380, 'Flat_107', 1, 10, 2011, 1000, 16, '', 1), (4381, 'Flat_107', 1, 11, 2011, 1950, 1, '', 1), (4382, 'Flat_107', 1, 0, 2012, 1950, 1, '', 1), (4383, 'Flat_107', 1, 1, 2012, 1950, 1, '', 1), (4384, 'Flat_107', 1, 2, 2012, 1950, 1, '', 1), (4385, 'Flat_107', 1, 3, 2012, 2370, 1, '', 1), (4386, 'Flat_107', 1, 4, 2012, 5000, 11, '', 1), (4387, 'Flat_107', 1, 5, 2012, 2370, 1, '', 1), (4388, 'Flat_107', 1, 6, 2012, 2370, 1, '', 1), (4389, 'Flat_107', 1, 7, 2012, 2370, 1, '', 1), (4390, 'Flat_107', 1, 8, 2012, 2370, 1, '', 1), (4391, 'Flat_107', 1, 9, 2012, 2370, 1, '', 1), (4392, 'Flat_107', 1, 10, 2012, 2370, 1, '', 1), (4393, 'Flat_107', 1, 11, 2012, 2370, 1, '', 1), (4394, 'Flat_107', 1, 0, 2013, 10000, 18, '', 1), (4395, 'Flat_107', 1, 1, 2013, 2670, 1, '', 1), (4396, 'Flat_107', 1, 2, 2013, 2670, 1, '', 1), (4397, 'Flat_107', 1, 3, 2013, 2670, 17, '', 1), (4398, 'Flat_107', 1, 4, 2013, 2670, 1, '', 1), (4399, 'Flat_107', 1, 5, 2013, 2670, 1, '', 1), (4400, 'Flat_107', 1, 6, 2013, 3240, 1, '', 1), (4401, 'Flat_107', 1, 7, 2013, 3240, 1, '', 1), (4402, 'Flat_107', 1, 8, 2013, 3240, 1, '', 1), (4403, 'Flat_107', 1, 9, 2013, 3240, 1, '', 1), (4404, 'Flat_107', 1, 10, 2013, 3240, 1, '', 1), (4405, 'Flat_107', 1, 11, 2013, 3240, 1, '', 1), (4406, 'Flat_107', 1, 0, 2014, 3240, 1, '', 1), (4407, 'Flat_107', 1, 1, 2014, 3240, 1, '', 1), (4408, 'Flat_107', 1, 2, 2014, 3240, 1, '', 1), (4409, 'Flat_107', 1, 3, 2014, 3240, 1, '', 1), (4410, 'Flat_107', 1, 4, 2014, 3240, 1, '', 1), (4411, 'Flat_107', 1, 5, 2014, 3240, 1, '', 1), (4412, 'Flat_107', 1, 6, 2014, 3240, 1, '', 1), (4413, 'Flat_107', 1, 7, 2014, 3240, 1, '', 1), (4414, 'Flat_107', 1, 8, 2014, 3240, 1, '', 1), (4415, 'Flat_107', 1, 9, 2014, 3240, 1, '', 1), (4416, 'Flat_107', 1, 10, 2014, 3240, 1, '', 1), (4417, 'Flat_107', 1, 11, 2014, 3240, 18, '', 1), (4418, 'Flat_107', 1, 0, 2015, 3240, 1, '', 1), (4419, 'Flat_107', 1, 1, 2015, 3240, 1, '', 1), (4420, 'Flat_107', 1, 2, 2015, 3240, 1, '', 1), (4421, 'Flat_107', 1, 3, 2015, 3240, 1, '', 1), (4422, 'Flat_107', 1, 4, 2015, 3440, 1, '', 1), (4423, 'Flat_107', 1, 5, 2015, 3440, 1, '', 1), (4424, 'Flat_107', 1, 6, 2015, 3440, 1, '', 1), (4425, 'Flat_107', 1, 7, 2015, 3440, 1, '', 1), (4426, 'Flat_107', 1, 8, 2015, 3440, 1, '', 1), (4427, 'Flat_107', 1, 9, 2015, 3440, 1, '', 1), (4428, 'Flat_107', 1, 10, 2015, 3440, 1, '', 1), (4429, 'Flat_107', 1, 11, 2015, 3440, 1, '', 1), (4430, 'Flat_107', 1, 0, 2016, 3440, 1, '', 1), (4431, 'Flat_107', 1, 1, 2016, 3440, 1, '', 1), (4432, 'Flat_107', 1, 2, 2016, 3440, 1, '', 1), (4433, 'Flat_107', 1, 3, 2016, 3440, 1, '', 1), (4434, 'Flat_107', 1, 4, 2016, 3440, 1, '', 1), (4435, 'Flat_107', 1, 5, 2016, 3440, 1, '', 1), (4436, 'Flat_107', 1, 6, 2016, 3440, 1, '', 1), (4437, 'Flat_107', 1, 7, 2016, 3440, 1, '', 1), (4438, 'Flat_107', 1, 8, 2016, 3440, 1, '', 1), (4439, 'Flat_207', 1, 10, 2010, 2000, 1, '', 1), (4440, 'Flat_207', 1, 11, 2010, 0, 1, '', 1), (4441, 'Flat_207', 1, 0, 2011, 0, 1, '', 1), (4442, 'Flat_207', 1, 1, 2011, 0, 1, '', 1), (4443, 'Flat_207', 1, 2, 2011, 0, 1, '', 1), (4444, 'Flat_207', 1, 3, 2011, 0, 1, '', 1), (4445, 'Flat_207', 1, 4, 2011, 0, 1, '', 1), (4446, 'Flat_207', 1, 5, 2011, 1130, 1, '', 1), (4447, 'Flat_207', 1, 6, 2011, 1950, 1, '', 1), (4448, 'Flat_207', 1, 7, 2011, 1950, 1, '', 1), (4449, 'Flat_207', 1, 8, 2011, 1950, 1, '', 1), (4450, 'Flat_207', 1, 9, 2011, 1950, 1, '', 1), (4451, 'Flat_207', 1, 10, 2011, 1000, 16, '', 1), (4452, 'Flat_207', 1, 11, 2011, 1950, 1, '', 1), (4453, 'Flat_207', 1, 0, 2012, 1950, 1, '', 1), (4454, 'Flat_207', 1, 1, 2012, 1950, 1, '', 1), (4455, 'Flat_207', 1, 2, 2012, 1950, 1, '', 1), (4456, 'Flat_207', 1, 3, 2012, 2370, 1, '', 1), (4457, 'Flat_207', 1, 4, 2012, 5000, 11, '', 1), (4458, 'Flat_207', 1, 5, 2012, 2370, 1, '', 1), (4459, 'Flat_207', 1, 6, 2012, 2370, 1, '', 1), (4460, 'Flat_207', 1, 7, 2012, 2370, 1, '', 1), (4461, 'Flat_207', 1, 8, 2012, 2370, 1, '', 1), (4462, 'Flat_207', 1, 9, 2012, 2370, 1, '', 1), (4463, 'Flat_207', 1, 10, 2012, 2370, 1, '', 1), (4464, 'Flat_207', 1, 11, 2012, 2370, 1, '', 1), (4465, 'Flat_207', 1, 0, 2013, 10000, 18, '', 1), (4466, 'Flat_207', 1, 1, 2013, 2670, 1, '', 1), (4467, 'Flat_207', 1, 2, 2013, -2190, 1, '', 1), (4468, 'Flat_207', 1, 3, 2013, 0, 17, '', 1), (4469, 'Flat_207', 1, 4, 2013, 0, 1, '', 1), (4470, 'Flat_207', 1, 5, 2013, 0, 1, '', 1), (4471, 'Flat_207', 1, 6, 2013, 0, 1, '', 1), (4472, 'Flat_207', 1, 7, 2013, 0, 1, '', 1), (4473, 'Flat_207', 1, 8, 2013, 0, 1, '', 1), (4474, 'Flat_207', 1, 9, 2013, 0, 1, '', 1), (4475, 'Flat_207', 1, 10, 2013, 0, 1, '', 1), (4476, 'Flat_207', 1, 11, 2013, 0, 1, '', 1), (4477, 'Flat_207', 1, 0, 2014, 0, 1, '', 1), (4478, 'Flat_207', 1, 1, 2014, 0, 1, '', 1), (4479, 'Flat_207', 1, 2, 2014, 0, 1, '', 1), (4480, 'Flat_207', 1, 3, 2014, 0, 1, '', 1), (4481, 'Flat_207', 1, 4, 2014, 0, 1, '', 1), (4482, 'Flat_207', 1, 5, 2014, 0, 1, '', 1), (4483, 'Flat_207', 1, 6, 2014, 0, 1, '', 1), (4484, 'Flat_207', 1, 7, 2014, 0, 1, '', 1), (4485, 'Flat_207', 1, 8, 2014, 0, 1, '', 1), (4486, 'Flat_207', 1, 9, 2014, 0, 1, '', 1), (4487, 'Flat_207', 1, 10, 2014, 0, 1, '', 1), (4488, 'Flat_207', 1, 11, 2014, 0, 18, '', 1), (4489, 'Flat_207', 1, 0, 2015, 0, 1, '', 1), (4490, 'Flat_207', 1, 1, 2015, 0, 1, '', 1), (4491, 'Flat_207', 1, 2, 2015, 0, 1, '', 1), (4492, 'Flat_207', 1, 3, 2015, 0, 1, '', 1), (4493, 'Flat_207', 1, 4, 2015, 0, 1, '', 1), (4494, 'Flat_207', 1, 5, 2015, 0, 1, '', 1), (4495, 'Flat_207', 1, 6, 2015, 0, 1, '', 1), (4496, 'Flat_207', 1, 7, 2015, 0, 1, '', 1), (4497, 'Flat_207', 1, 8, 2015, 50000, 1, '', 1), (4498, 'Flat_207', 1, 9, 2015, 3440, 1, '', 1), (4499, 'Flat_207', 1, 10, 2015, 3440, 1, '', 1), (4500, 'Flat_207', 1, 11, 2015, 3440, 1, '', 1), (4501, 'Flat_207', 1, 0, 2016, 3440, 1, '', 1), (4502, 'Flat_207', 1, 1, 2016, 3440, 1, '', 1), (4503, 'Flat_207', 1, 2, 2016, 3440, 1, '', 1), (4504, 'Flat_207', 1, 3, 2016, 3440, 1, '', 1), (4505, 'Flat_207', 1, 4, 2016, 3440, 1, '', 1), (4506, 'Flat_207', 1, 5, 2016, 3440, 1, '', 1), (4507, 'Flat_207', 1, 6, 2016, 3440, 1, '', 1), (4508, 'Flat_207', 1, 7, 2016, -6560, 1, '', 1), (4509, 'Flat_207', 1, 8, 2016, 3440, 1, '', 1), (4510, 'Flat_307', 1, 10, 2010, 2000, 1, '', 1), (4511, 'Flat_307', 1, 11, 2010, 1771, 1, '', 1), (4512, 'Flat_307', 1, 0, 2011, 1570, 1, '', 1), (4513, 'Flat_307', 1, 1, 2011, 1483, 1, '', 1), (4514, 'Flat_307', 1, 2, 2011, 1469, 1, '', 1), (4515, 'Flat_307', 1, 3, 2011, 2485, 1, '', 1), (4516, 'Flat_307', 1, 4, 2011, 2537, 1, '', 1), (4517, 'Flat_307', 1, 5, 2011, 1950, 1, '', 1), (4518, 'Flat_307', 1, 6, 2011, 1950, 1, '', 1), (4519, 'Flat_307', 1, 7, 2011, 1950, 1, '', 1), (4520, 'Flat_307', 1, 8, 2011, 1950, 1, '', 1), (4521, 'Flat_307', 1, 9, 2011, 1950, 1, '', 1), (4522, 'Flat_307', 1, 10, 2011, 1000, 16, '', 1), (4523, 'Flat_307', 1, 11, 2011, 1950, 1, '', 1), (4524, 'Flat_307', 1, 0, 2012, 1950, 1, '', 1), (4525, 'Flat_307', 1, 1, 2012, 1950, 1, '', 1), (4526, 'Flat_307', 1, 2, 2012, 1950, 1, '', 1), (4527, 'Flat_307', 1, 3, 2012, 2370, 1, '', 1), (4528, 'Flat_307', 1, 4, 2012, 5000, 11, '', 1), (4529, 'Flat_307', 1, 5, 2012, 2370, 1, '', 1), (4530, 'Flat_307', 1, 6, 2012, 2370, 1, '', 1), (4531, 'Flat_307', 1, 7, 2012, 2370, 1, '', 1), (4532, 'Flat_307', 1, 8, 2012, 2370, 1, '', 1), (4533, 'Flat_307', 1, 9, 2012, 2370, 1, '', 1), (4534, 'Flat_307', 1, 10, 2012, 2370, 1, '', 1), (4535, 'Flat_307', 1, 11, 2012, 2370, 1, '', 1), (4536, 'Flat_307', 1, 0, 2013, 10000, 18, '', 1), (4537, 'Flat_307', 1, 1, 2013, 2670, 1, '', 1), (4538, 'Flat_307', 1, 2, 2013, 2670, 1, '', 1), (4539, 'Flat_307', 1, 3, 2013, 2670, 17, '', 1), (4540, 'Flat_307', 1, 4, 2013, 2670, 1, '', 1), (4541, 'Flat_307', 1, 5, 2013, 2670, 1, '', 1), (4542, 'Flat_307', 1, 6, 2013, 3240, 1, '', 1), (4543, 'Flat_307', 1, 7, 2013, 3240, 1, '', 1), (4544, 'Flat_307', 1, 8, 2013, 3240, 1, '', 1), (4545, 'Flat_307', 1, 9, 2013, 3240, 1, '', 1), (4546, 'Flat_307', 1, 10, 2013, 3240, 1, '', 1), (4547, 'Flat_307', 1, 11, 2013, 3240, 1, '', 1), (4548, 'Flat_307', 1, 0, 2014, 3240, 1, '', 1), (4549, 'Flat_307', 1, 1, 2014, 3240, 1, '', 1), (4550, 'Flat_307', 1, 2, 2014, 3240, 1, '', 1), (4551, 'Flat_307', 1, 3, 2014, 3240, 1, '', 1), (4552, 'Flat_307', 1, 4, 2014, 3240, 1, '', 1), (4553, 'Flat_307', 1, 5, 2014, 3240, 1, '', 1), (4554, 'Flat_307', 1, 6, 2014, 3240, 1, '', 1), (4555, 'Flat_307', 1, 7, 2014, 3240, 1, '', 1), (4556, 'Flat_307', 1, 8, 2014, 3240, 1, '', 1), (4557, 'Flat_307', 1, 9, 2014, 3240, 1, '', 1), (4558, 'Flat_307', 1, 10, 2014, 3240, 1, '', 1), (4559, 'Flat_307', 1, 11, 2014, 3240, 18, '', 1), (4560, 'Flat_307', 1, 0, 2015, 3240, 1, '', 1), (4561, 'Flat_307', 1, 1, 2015, 3240, 1, '', 1), (4562, 'Flat_307', 1, 2, 2015, 3240, 1, '', 1), (4563, 'Flat_307', 1, 3, 2015, 3240, 1, '', 1), (4564, 'Flat_307', 1, 4, 2015, 3440, 1, '', 1), (4565, 'Flat_307', 1, 5, 2015, 3440, 1, '', 1), (4566, 'Flat_307', 1, 6, 2015, 3440, 1, '', 1), (4567, 'Flat_307', 1, 7, 2015, 3440, 1, '', 1), (4568, 'Flat_307', 1, 8, 2015, 3440, 1, '', 1), (4569, 'Flat_307', 1, 9, 2015, 3440, 1, '', 1), (4570, 'Flat_307', 1, 10, 2015, 3440, 1, '', 1), (4571, 'Flat_307', 1, 11, 2015, 3440, 1, '', 1), (4572, 'Flat_307', 1, 0, 2016, 3440, 1, '', 1), (4573, 'Flat_307', 1, 1, 2016, 3440, 1, '', 1), (4574, 'Flat_307', 1, 2, 2016, 3440, 1, '', 1), (4575, 'Flat_307', 1, 3, 2016, 3440, 1, '', 1), (4576, 'Flat_307', 1, 4, 2016, 3440, 1, '', 1), (4577, 'Flat_307', 1, 5, 2016, 3440, 1, '', 1), (4578, 'Flat_307', 1, 6, 2016, 3440, 1, '', 1), (4579, 'Flat_307', 1, 7, 2016, 3440, 1, '', 1), (4580, 'Flat_307', 1, 8, 2016, 3440, 1, '', 1), (4581, 'Flat_8', 1, 10, 2010, 2000, 1, '', 1), (4582, 'Flat_8', 1, 11, 2010, 1421, 1, '', 1), (4583, 'Flat_8', 1, 0, 2011, 1346, 1, '', 1), (4584, 'Flat_8', 1, 1, 2011, 1272, 1, '', 1), (4585, 'Flat_8', 1, 2, 2011, 1178, 1, '', 1), (4586, 'Flat_8', 1, 3, 2011, 2201, 1, '', 1), (4587, 'Flat_8', 1, 4, 2011, 2266, 1, '', 1), (4588, 'Flat_8', 1, 5, 2011, 1650, 1, '', 1), (4589, 'Flat_8', 1, 6, 2011, 1650, 1, '', 1), (4590, 'Flat_8', 1, 7, 2011, 1650, 1, '', 1), (4591, 'Flat_8', 1, 8, 2011, 1650, 1, '', 1), (4592, 'Flat_8', 1, 9, 2011, 1650, 1, '', 1), (4593, 'Flat_8', 1, 10, 2011, 1000, 16, '', 1), (4594, 'Flat_8', 1, 11, 2011, 1650, 1, '', 1), (4595, 'Flat_8', 1, 0, 2012, 1650, 1, '', 1), (4596, 'Flat_8', 1, 1, 2012, 1650, 1, '', 1), (4597, 'Flat_8', 1, 2, 2012, 1650, 1, '', 1), (4598, 'Flat_8', 1, 3, 2012, 2000, 1, '', 1), (4599, 'Flat_8', 1, 4, 2012, 5000, 11, '', 1), (4600, 'Flat_8', 1, 5, 2012, 2000, 1, '', 1), (4601, 'Flat_8', 1, 6, 2012, 2000, 1, '', 1), (4602, 'Flat_8', 1, 7, 2012, 2000, 1, '', 1), (4603, 'Flat_8', 1, 8, 2012, 2000, 1, '', 1), (4604, 'Flat_8', 1, 9, 2012, 2000, 1, '', 1), (4605, 'Flat_8', 1, 10, 2012, 2000, 1, '', 1), (4606, 'Flat_8', 1, 11, 2012, 2000, 1, '', 1), (4607, 'Flat_8', 1, 0, 2013, 10000, 18, '', 1), (4608, 'Flat_8', 1, 1, 2013, 2300, 1, '', 1), (4609, 'Flat_8', 1, 2, 2013, 2300, 1, '', 1), (4610, 'Flat_8', 1, 3, 2013, 2300, 17, '', 1), (4611, 'Flat_8', 1, 4, 2013, 2300, 1, '', 1), (4612, 'Flat_8', 1, 5, 2013, 2300, 1, '', 1), (4613, 'Flat_8', 1, 6, 2013, 2800, 1, '', 1), (4614, 'Flat_8', 1, 7, 2013, 2800, 1, '', 1), (4615, 'Flat_8', 1, 8, 2013, 2800, 1, '', 1), (4616, 'Flat_8', 1, 9, 2013, 2800, 1, '', 1), (4617, 'Flat_8', 1, 10, 2013, 2800, 1, '', 1), (4618, 'Flat_8', 1, 11, 2013, 2800, 1, '', 1), (4619, 'Flat_8', 1, 0, 2014, 2800, 1, '', 1), (4620, 'Flat_8', 1, 1, 2014, 2800, 1, '', 1), (4621, 'Flat_8', 1, 2, 2014, 2800, 1, '', 1), (4622, 'Flat_8', 1, 3, 2014, 2800, 1, '', 1), (4623, 'Flat_8', 1, 4, 2014, 2800, 1, '', 1), (4624, 'Flat_8', 1, 5, 2014, 2800, 1, '', 1), (4625, 'Flat_8', 1, 6, 2014, 2800, 1, '', 1), (4626, 'Flat_8', 1, 7, 2014, 2800, 1, '', 1), (4627, 'Flat_8', 1, 8, 2014, 2800, 1, '', 1), (4628, 'Flat_8', 1, 9, 2014, 2800, 1, '', 1), (4629, 'Flat_8', 1, 10, 2014, 2800, 1, '', 1), (4630, 'Flat_8', 1, 11, 2014, 2800, 18, '', 1), (4631, 'Flat_8', 1, 0, 2015, 2800, 1, '', 1), (4632, 'Flat_8', 1, 1, 2015, 2800, 1, '', 1), (4633, 'Flat_8', 1, 2, 2015, 2800, 1, '', 1), (4634, 'Flat_8', 1, 3, 2015, 2800, 1, '', 1), (4635, 'Flat_8', 1, 4, 2015, 3000, 1, '', 1), (4636, 'Flat_8', 1, 5, 2015, 3000, 1, '', 1), (4637, 'Flat_8', 1, 6, 2015, 3000, 1, '', 1), (4638, 'Flat_8', 1, 7, 2015, 3000, 1, '', 1), (4639, 'Flat_8', 1, 8, 2015, 3000, 1, '', 1), (4640, 'Flat_8', 1, 9, 2015, 3000, 1, '', 1), (4641, 'Flat_8', 1, 10, 2015, 3000, 1, '', 1), (4642, 'Flat_8', 1, 11, 2015, 3000, 1, '', 1), (4643, 'Flat_8', 1, 0, 2016, 3000, 1, '', 1), (4644, 'Flat_8', 1, 1, 2016, 3000, 1, '', 1), (4645, 'Flat_8', 1, 2, 2016, 3000, 1, '', 1), (4646, 'Flat_8', 1, 3, 2016, 3000, 1, '', 1), (4647, 'Flat_8', 1, 4, 2016, 3000, 1, '', 1), (4648, 'Flat_8', 1, 5, 2016, 3000, 1, '', 1), (4649, 'Flat_8', 1, 6, 2016, 3000, 1, '', 1), (4650, 'Flat_8', 1, 7, 2016, 3000, 1, '', 1), (4651, 'Flat_8', 1, 8, 2016, 3000, 1, '', 1), (4652, 'Flat_108', 1, 10, 2010, 2000, 1, '', 1), (4653, 'Flat_108', 1, 11, 2010, 1551, 1, '', 1), (4654, 'Flat_108', 1, 0, 2011, 1430, 1, '', 1), (4655, 'Flat_108', 1, 1, 2011, 1351, 1, '', 1), (4656, 'Flat_108', 1, 2, 2011, 1296, 1, '', 1), (4657, 'Flat_108', 1, 3, 2011, 2316, 1, '', 1), (4658, 'Flat_108', 1, 4, 2011, 2367, 1, '', 1), (4659, 'Flat_108', 1, 5, 2011, 1760, 1, '', 1), (4660, 'Flat_108', 1, 6, 2011, 1760, 1, '', 1), (4661, 'Flat_108', 1, 7, 2011, 1760, 1, '', 1), (4662, 'Flat_108', 1, 8, 2011, 1760, 1, '', 1), (4663, 'Flat_108', 1, 9, 2011, 1760, 1, '', 1), (4664, 'Flat_108', 1, 10, 2011, 1000, 16, '', 1), (4665, 'Flat_108', 1, 11, 2011, 1760, 1, '', 1), (4666, 'Flat_108', 1, 0, 2012, 1760, 1, '', 1), (4667, 'Flat_108', 1, 1, 2012, 1760, 1, '', 1), (4668, 'Flat_108', 1, 2, 2012, 1760, 1, '', 1), (4669, 'Flat_108', 1, 3, 2012, 2140, 1, '', 1), (4670, 'Flat_108', 1, 4, 2012, 5000, 11, '', 1), (4671, 'Flat_108', 1, 5, 2012, 2140, 1, '', 1), (4672, 'Flat_108', 1, 6, 2012, 2140, 1, '', 1), (4673, 'Flat_108', 1, 7, 2012, 2140, 1, '', 1), (4674, 'Flat_108', 1, 8, 2012, 2140, 1, '', 1), (4675, 'Flat_108', 1, 9, 2012, 2140, 1, '', 1), (4676, 'Flat_108', 1, 10, 2012, 2140, 1, '', 1), (4677, 'Flat_108', 1, 11, 2012, 2140, 1, '', 1), (4678, 'Flat_108', 1, 0, 2013, 10000, 18, '', 1), (4679, 'Flat_108', 1, 1, 2013, 2440, 1, '', 1), (4680, 'Flat_108', 1, 2, 2013, 2440, 1, '', 1), (4681, 'Flat_108', 1, 3, 2013, 2440, 17, '', 1), (4682, 'Flat_108', 1, 4, 2013, 2440, 1, '', 1), (4683, 'Flat_108', 1, 5, 2013, 2440, 1, '', 1), (4684, 'Flat_108', 1, 6, 2013, 2970, 1, '', 1), (4685, 'Flat_108', 1, 7, 2013, 2970, 1, '', 1), (4686, 'Flat_108', 1, 8, 2013, 2970, 1, '', 1), (4687, 'Flat_108', 1, 9, 2013, 2970, 1, '', 1), (4688, 'Flat_108', 1, 10, 2013, 2970, 1, '', 1), (4689, 'Flat_108', 1, 11, 2013, 2970, 1, '', 1), (4690, 'Flat_108', 1, 0, 2014, 2970, 1, '', 1), (4691, 'Flat_108', 1, 1, 2014, 2970, 1, '', 1), (4692, 'Flat_108', 1, 2, 2014, 2970, 1, '', 1), (4693, 'Flat_108', 1, 3, 2014, 2970, 1, '', 1), (4694, 'Flat_108', 1, 4, 2014, 2970, 1, '', 1), (4695, 'Flat_108', 1, 5, 2014, 2970, 1, '', 1), (4696, 'Flat_108', 1, 6, 2014, 2970, 1, '', 1), (4697, 'Flat_108', 1, 7, 2014, 2970, 1, '', 1), (4698, 'Flat_108', 1, 8, 2014, 2970, 1, '', 1), (4699, 'Flat_108', 1, 9, 2014, 2970, 1, '', 1), (4700, 'Flat_108', 1, 10, 2014, 2970, 1, '', 1), (4701, 'Flat_108', 1, 11, 2014, 2970, 18, '', 1), (4702, 'Flat_108', 1, 0, 2015, 2970, 1, '', 1), (4703, 'Flat_108', 1, 1, 2015, 2970, 1, '', 1), (4704, 'Flat_108', 1, 2, 2015, 2970, 1, '', 1), (4705, 'Flat_108', 1, 3, 2015, 2970, 1, '', 1), (4706, 'Flat_108', 1, 4, 2015, 3170, 1, '', 1), (4707, 'Flat_108', 1, 5, 2015, 3170, 1, '', 1), (4708, 'Flat_108', 1, 6, 2015, 3170, 1, '', 1), (4709, 'Flat_108', 1, 7, 2015, 3170, 1, '', 1), (4710, 'Flat_108', 1, 8, 2015, 3170, 1, '', 1), (4711, 'Flat_108', 1, 9, 2015, 3170, 1, '', 1), (4712, 'Flat_108', 1, 10, 2015, 3170, 1, '', 1), (4713, 'Flat_108', 1, 11, 2015, 3170, 1, '', 1), (4714, 'Flat_108', 1, 0, 2016, 3170, 1, '', 1), (4715, 'Flat_108', 1, 1, 2016, 3170, 1, '', 1), (4716, 'Flat_108', 1, 2, 2016, 3170, 1, '', 1), (4717, 'Flat_108', 1, 3, 2016, 3170, 1, '', 1), (4718, 'Flat_108', 1, 4, 2016, 3170, 1, '', 1), (4719, 'Flat_108', 1, 5, 2016, 3170, 1, '', 1), (4720, 'Flat_108', 1, 6, 2016, 3170, 1, '', 1), (4721, 'Flat_108', 1, 7, 2016, 3170, 1, '', 1), (4722, 'Flat_108', 1, 8, 2016, 3170, 1, '', 1), (4723, 'Flat_208', 1, 10, 2010, 2000, 1, '', 1), (4724, 'Flat_208', 1, 11, 2010, 1551, 1, '', 1), (4725, 'Flat_208', 1, 0, 2011, 1430, 1, '', 1), (4726, 'Flat_208', 1, 1, 2011, 1351, 1, '', 1), (4727, 'Flat_208', 1, 2, 2011, 1296, 1, '', 1), (4728, 'Flat_208', 1, 3, 2011, 2316, 1, '', 1), (4729, 'Flat_208', 1, 4, 2011, 2367, 1, '', 1), (4730, 'Flat_208', 1, 5, 2011, 1760, 1, '', 1), (4731, 'Flat_208', 1, 6, 2011, 1760, 1, '', 1), (4732, 'Flat_208', 1, 7, 2011, 1760, 1, '', 1), (4733, 'Flat_208', 1, 8, 2011, 1760, 1, '', 1), (4734, 'Flat_208', 1, 9, 2011, 1760, 1, '', 1), (4735, 'Flat_208', 1, 10, 2011, 1000, 16, '', 1), (4736, 'Flat_208', 1, 11, 2011, 1760, 1, '', 1), (4737, 'Flat_208', 1, 0, 2012, 1760, 1, '', 1), (4738, 'Flat_208', 1, 1, 2012, 1760, 1, '', 1), (4739, 'Flat_208', 1, 2, 2012, 1760, 1, '', 1), (4740, 'Flat_208', 1, 3, 2012, 2140, 1, '', 1), (4741, 'Flat_208', 1, 4, 2012, 5000, 11, '', 1), (4742, 'Flat_208', 1, 5, 2012, 2140, 1, '', 1), (4743, 'Flat_208', 1, 6, 2012, 2140, 1, '', 1), (4744, 'Flat_208', 1, 7, 2012, 2140, 1, '', 1), (4745, 'Flat_208', 1, 8, 2012, 2140, 1, '', 1), (4746, 'Flat_208', 1, 9, 2012, 2140, 1, '', 1), (4747, 'Flat_208', 1, 10, 2012, 2140, 1, '', 1), (4748, 'Flat_208', 1, 11, 2012, 2140, 1, '', 1), (4749, 'Flat_208', 1, 0, 2013, 10000, 18, '', 1), (4750, 'Flat_208', 1, 1, 2013, 2440, 1, '', 1), (4751, 'Flat_208', 1, 2, 2013, 2440, 1, '', 1), (4752, 'Flat_208', 1, 3, 2013, 2440, 17, '', 1), (4753, 'Flat_208', 1, 4, 2013, 2440, 1, '', 1), (4754, 'Flat_208', 1, 5, 2013, 2440, 1, '', 1), (4755, 'Flat_208', 1, 6, 2013, 2970, 1, '', 1), (4756, 'Flat_208', 1, 7, 2013, 2970, 1, '', 1), (4757, 'Flat_208', 1, 8, 2013, 2970, 1, '', 1), (4758, 'Flat_208', 1, 9, 2013, 2970, 1, '', 1), (4759, 'Flat_208', 1, 10, 2013, 2970, 1, '', 1), (4760, 'Flat_208', 1, 11, 2013, 2970, 1, '', 1), (4761, 'Flat_208', 1, 0, 2014, 2970, 1, '', 1), (4762, 'Flat_208', 1, 1, 2014, 2970, 1, '', 1), (4763, 'Flat_208', 1, 2, 2014, 2970, 1, '', 1), (4764, 'Flat_208', 1, 3, 2014, 2970, 1, '', 1), (4765, 'Flat_208', 1, 4, 2014, 2970, 1, '', 1), (4766, 'Flat_208', 1, 5, 2014, 2970, 1, '', 1), (4767, 'Flat_208', 1, 6, 2014, 2970, 1, '', 1), (4768, 'Flat_208', 1, 7, 2014, 2970, 1, '', 1), (4769, 'Flat_208', 1, 8, 2014, 2970, 1, '', 1), (4770, 'Flat_208', 1, 9, 2014, 2970, 1, '', 1), (4771, 'Flat_208', 1, 10, 2014, 2970, 1, '', 1), (4772, 'Flat_208', 1, 11, 2014, 2970, 18, '', 1), (4773, 'Flat_208', 1, 0, 2015, 2970, 1, '', 1), (4774, 'Flat_208', 1, 1, 2015, 2970, 1, '', 1), (4775, 'Flat_208', 1, 2, 2015, 2970, 1, '', 1), (4776, 'Flat_208', 1, 3, 2015, 2970, 1, '', 1), (4777, 'Flat_208', 1, 4, 2015, 3170, 1, '', 1), (4778, 'Flat_208', 1, 5, 2015, 3170, 1, '', 1), (4779, 'Flat_208', 1, 6, 2015, 3170, 1, '', 1), (4780, 'Flat_208', 1, 7, 2015, 3170, 1, '', 1), (4781, 'Flat_208', 1, 8, 2015, 3170, 1, '', 1), (4782, 'Flat_208', 1, 9, 2015, 3170, 1, '', 1), (4783, 'Flat_208', 1, 10, 2015, 3170, 1, '', 1), (4784, 'Flat_208', 1, 11, 2015, 3170, 1, '', 1), (4785, 'Flat_208', 1, 0, 2016, 3170, 1, '', 1), (4786, 'Flat_208', 1, 1, 2016, 3170, 1, '', 1), (4787, 'Flat_208', 1, 2, 2016, 3170, 1, '', 1), (4788, 'Flat_208', 1, 3, 2016, 3170, 1, '', 1), (4789, 'Flat_208', 1, 4, 2016, 3170, 1, '', 1), (4790, 'Flat_208', 1, 5, 2016, 3170, 1, '', 1), (4791, 'Flat_208', 1, 6, 2016, 3170, 1, '', 1), (4792, 'Flat_208', 1, 7, 2016, 3170, 1, '', 1), (4793, 'Flat_208', 1, 8, 2016, 3170, 1, '', 1), (4794, 'Flat_308', 1, 10, 2010, 2000, 1, '', 1), (4795, 'Flat_308', 1, 11, 2010, 1551, 1, '', 1), (4796, 'Flat_308', 1, 0, 2011, 1430, 1, '', 1), (4797, 'Flat_308', 1, 1, 2011, 1351, 1, '', 1), (4798, 'Flat_308', 1, 2, 2011, 1296, 1, '', 1), (4799, 'Flat_308', 1, 3, 2011, 2316, 1, '', 1), (4800, 'Flat_308', 1, 4, 2011, 2367, 1, '', 1), (4801, 'Flat_308', 1, 5, 2011, 1760, 1, '', 1), (4802, 'Flat_308', 1, 6, 2011, 1760, 1, '', 1), (4803, 'Flat_308', 1, 7, 2011, 1760, 1, '', 1), (4804, 'Flat_308', 1, 8, 2011, 1760, 1, '', 1), (4805, 'Flat_308', 1, 9, 2011, 1760, 1, '', 1), (4806, 'Flat_308', 1, 10, 2011, 1000, 16, '', 1), (4807, 'Flat_308', 1, 11, 2011, 1760, 1, '', 1), (4808, 'Flat_308', 1, 0, 2012, 1760, 1, '', 1), (4809, 'Flat_308', 1, 1, 2012, 1760, 1, '', 1), (4810, 'Flat_308', 1, 2, 2012, 1760, 1, '', 1), (4811, 'Flat_308', 1, 3, 2012, 2140, 1, '', 1), (4812, 'Flat_308', 1, 4, 2012, 5000, 11, '', 1), (4813, 'Flat_308', 1, 5, 2012, 2140, 1, '', 1), (4814, 'Flat_308', 1, 6, 2012, 2140, 1, '', 1), (4815, 'Flat_308', 1, 7, 2012, 2140, 1, '', 1), (4816, 'Flat_308', 1, 8, 2012, 2140, 1, '', 1), (4817, 'Flat_308', 1, 9, 2012, 2140, 1, '', 1), (4818, 'Flat_308', 1, 10, 2012, 2140, 1, '', 1), (4819, 'Flat_308', 1, 11, 2012, 2140, 1, '', 1), (4820, 'Flat_308', 1, 0, 2013, 10000, 18, '', 1), (4821, 'Flat_308', 1, 1, 2013, 2440, 1, '', 1), (4822, 'Flat_308', 1, 2, 2013, 2440, 1, '', 1), (4823, 'Flat_308', 1, 3, 2013, 2440, 17, '', 1), (4824, 'Flat_308', 1, 4, 2013, 2440, 1, '', 1), (4825, 'Flat_308', 1, 5, 2013, 2440, 1, '', 1), (4826, 'Flat_308', 1, 6, 2013, 2970, 1, '', 1), (4827, 'Flat_308', 1, 7, 2013, 2970, 1, '', 1), (4828, 'Flat_308', 1, 8, 2013, 2970, 1, '', 1), (4829, 'Flat_308', 1, 9, 2013, 2970, 1, '', 1), (4830, 'Flat_308', 1, 10, 2013, 2970, 1, '', 1), (4831, 'Flat_308', 1, 11, 2013, 2970, 1, '', 1), (4832, 'Flat_308', 1, 0, 2014, 2970, 1, '', 1), (4833, 'Flat_308', 1, 1, 2014, 2970, 1, '', 1), (4834, 'Flat_308', 1, 2, 2014, 2970, 1, '', 1), (4835, 'Flat_308', 1, 3, 2014, 2970, 1, '', 1), (4836, 'Flat_308', 1, 4, 2014, 2970, 1, '', 1), (4837, 'Flat_308', 1, 5, 2014, 2970, 1, '', 1), (4838, 'Flat_308', 1, 6, 2014, 2970, 1, '', 1), (4839, 'Flat_308', 1, 7, 2014, 2970, 1, '', 1), (4840, 'Flat_308', 1, 8, 2014, 2970, 1, '', 1), (4841, 'Flat_308', 1, 9, 2014, 2970, 1, '', 1), (4842, 'Flat_308', 1, 10, 2014, 2970, 1, '', 1), (4843, 'Flat_308', 1, 11, 2014, 2970, 18, '', 1), (4844, 'Flat_308', 1, 0, 2015, 2970, 1, '', 1), (4845, 'Flat_308', 1, 1, 2015, 2970, 1, '', 1), (4846, 'Flat_308', 1, 2, 2015, 2970, 1, '', 1), (4847, 'Flat_308', 1, 3, 2015, 2970, 1, '', 1), (4848, 'Flat_308', 1, 4, 2015, 3170, 1, '', 1), (4849, 'Flat_308', 1, 5, 2015, 3170, 1, '', 1), (4850, 'Flat_308', 1, 6, 2015, 3170, 1, '', 1), (4851, 'Flat_308', 1, 7, 2015, 3170, 1, '', 1), (4852, 'Flat_308', 1, 8, 2015, 3170, 1, '', 1), (4853, 'Flat_308', 1, 9, 2015, 3170, 1, '', 1), (4854, 'Flat_308', 1, 10, 2015, 3170, 1, '', 1), (4855, 'Flat_308', 1, 11, 2015, 3170, 1, '', 1), (4856, 'Flat_308', 1, 0, 2016, 3170, 1, '', 1), (4857, 'Flat_308', 1, 1, 2016, 3170, 1, '', 1), (4858, 'Flat_308', 1, 2, 2016, 3170, 1, '', 1), (4859, 'Flat_308', 1, 3, 2016, 3170, 1, '', 1), (4860, 'Flat_308', 1, 4, 2016, 3170, 1, '', 1), (4861, 'Flat_308', 1, 5, 2016, 3170, 1, '', 1), (4862, 'Flat_308', 1, 6, 2016, 3170, 1, '', 1), (4863, 'Flat_308', 1, 7, 2016, 3170, 1, '', 1), (4864, 'Flat_308', 1, 8, 2016, 3170, 1, '', 1), (4865, 'Flat_9', 1, 10, 2010, 2000, 1, '', 1), (4866, 'Flat_9', 1, 11, 2010, 1947, 1, '', 1), (4867, 'Flat_9', 1, 0, 2011, 1683, 1, '', 1), (4868, 'Flat_9', 1, 1, 2011, 1589, 1, '', 1), (4869, 'Flat_9', 1, 2, 2011, 1615, 1, '', 1), (4870, 'Flat_9', 1, 3, 2011, 2629, 1, '', 1), (4871, 'Flat_9', 1, 4, 2011, 2674, 1, '', 1), (4872, 'Flat_9', 1, 5, 2011, 2100, 1, '', 1), (4873, 'Flat_9', 1, 6, 2011, 2100, 1, '', 1), (4874, 'Flat_9', 1, 7, 2011, 2100, 1, '', 1), (4875, 'Flat_9', 1, 8, 2011, 2100, 1, '', 1), (4876, 'Flat_9', 1, 9, 2011, 2100, 1, '', 1), (4877, 'Flat_9', 1, 10, 2011, 1000, 16, '', 1), (4878, 'Flat_9', 1, 11, 2011, 2100, 1, '', 1), (4879, 'Flat_9', 1, 0, 2012, 2100, 1, '', 1), (4880, 'Flat_9', 1, 1, 2012, 2100, 1, '', 1), (4881, 'Flat_9', 1, 2, 2012, 2100, 1, '', 1), (4882, 'Flat_9', 1, 3, 2012, 2560, 1, '', 1), (4883, 'Flat_9', 1, 4, 2012, 5000, 11, '', 1), (4884, 'Flat_9', 1, 5, 2012, 2560, 1, '', 1), (4885, 'Flat_9', 1, 6, 2012, 2560, 1, '', 1), (4886, 'Flat_9', 1, 7, 2012, 2560, 1, '', 1), (4887, 'Flat_9', 1, 8, 2012, 2560, 1, '', 1), (4888, 'Flat_9', 1, 9, 2012, 2560, 1, '', 1), (4889, 'Flat_9', 1, 10, 2012, 2560, 1, '', 1), (4890, 'Flat_9', 1, 11, 2012, 2560, 1, '', 1), (4891, 'Flat_9', 1, 0, 2013, 10000, 18, '', 1), (4892, 'Flat_9', 1, 1, 2013, 2860, 1, '', 1), (4893, 'Flat_9', 1, 2, 2013, 2860, 1, '', 1), (4894, 'Flat_9', 1, 3, 2013, 2860, 17, '', 1), (4895, 'Flat_9', 1, 4, 2013, 2860, 1, '', 1), (4896, 'Flat_9', 1, 5, 2013, 2860, 1, '', 1), (4897, 'Flat_9', 1, 6, 2013, 3470, 1, '', 1), (4898, 'Flat_9', 1, 7, 2013, 3470, 1, '', 1), (4899, 'Flat_9', 1, 8, 2013, 3470, 1, '', 1), (4900, 'Flat_9', 1, 9, 2013, 3470, 1, '', 1), (4901, 'Flat_9', 1, 10, 2013, 3470, 1, '', 1), (4902, 'Flat_9', 1, 11, 2013, 3470, 1, '', 1), (4903, 'Flat_9', 1, 0, 2014, 3470, 1, '', 1), (4904, 'Flat_9', 1, 1, 2014, 3470, 1, '', 1), (4905, 'Flat_9', 1, 2, 2014, 3470, 1, '', 1), (4906, 'Flat_9', 1, 3, 2014, 3470, 1, '', 1), (4907, 'Flat_9', 1, 4, 2014, 3470, 1, '', 1), (4908, 'Flat_9', 1, 5, 2014, 3470, 1, '', 1), (4909, 'Flat_9', 1, 6, 2014, 3470, 1, '', 1), (4910, 'Flat_9', 1, 7, 2014, 3470, 1, '', 1), (4911, 'Flat_9', 1, 8, 2014, 3470, 1, '', 1), (4912, 'Flat_9', 1, 9, 2014, 3470, 1, '', 1), (4913, 'Flat_9', 1, 10, 2014, 3470, 1, '', 1), (4914, 'Flat_9', 1, 11, 2014, 3470, 18, '', 1), (4915, 'Flat_9', 1, 0, 2015, 3470, 1, '', 1), (4916, 'Flat_9', 1, 1, 2015, 3470, 1, '', 1), (4917, 'Flat_9', 1, 2, 2015, 3470, 1, '', 1), (4918, 'Flat_9', 1, 3, 2015, 3470, 1, '', 1), (4919, 'Flat_9', 1, 4, 2015, 3670, 1, '', 1), (4920, 'Flat_9', 1, 5, 2015, 3670, 1, '', 1), (4921, 'Flat_9', 1, 6, 2015, 3670, 1, '', 1), (4922, 'Flat_9', 1, 7, 2015, 3670, 1, '', 1), (4923, 'Flat_9', 1, 8, 2015, 3670, 1, '', 1), (4924, 'Flat_9', 1, 9, 2015, 3670, 1, '', 1), (4925, 'Flat_9', 1, 10, 2015, 3670, 1, '', 1), (4926, 'Flat_9', 1, 11, 2015, 3670, 1, '', 1), (4927, 'Flat_9', 1, 0, 2016, 3670, 1, '', 1), (4928, 'Flat_9', 1, 1, 2016, 3670, 1, '', 1), (4929, 'Flat_9', 1, 2, 2016, 3670, 1, '', 1), (4930, 'Flat_9', 1, 3, 2016, 3670, 1, '', 1), (4931, 'Flat_9', 1, 4, 2016, 3670, 1, '', 1), (4932, 'Flat_9', 1, 5, 2016, 3670, 1, '', 1), (4933, 'Flat_9', 1, 6, 2016, 3670, 1, '', 1), (4934, 'Flat_9', 1, 7, 2016, 3670, 1, '', 1), (4935, 'Flat_9', 1, 8, 2016, 3670, 1, '', 1), (4936, 'Flat_109', 1, 10, 2010, 2000, 1, '', 1), (4937, 'Flat_109', 1, 11, 2010, 2011, 1, '', 1), (4938, 'Flat_109', 1, 0, 2011, 1724, 1, '', 1), (4939, 'Flat_109', 1, 1, 2011, 1628, 1, '', 1), (4940, 'Flat_109', 1, 2, 2011, 1668, 1, '', 1), (4941, 'Flat_109', 1, 3, 2011, 2681, 1, '', 1), (4942, 'Flat_109', 1, 4, 2011, 2723, 1, '', 1), (4943, 'Flat_109', 1, 5, 2011, 2150, 1, '', 1), (4944, 'Flat_109', 1, 6, 2011, 2150, 1, '', 1), (4945, 'Flat_109', 1, 7, 2011, 2150, 1, '', 1), (4946, 'Flat_109', 1, 8, 2011, 2150, 1, '', 1), (4947, 'Flat_109', 1, 9, 2011, 2150, 1, '', 1), (4948, 'Flat_109', 1, 10, 2011, 1000, 16, '', 1), (4949, 'Flat_109', 1, 11, 2011, 2150, 1, '', 1), (4950, 'Flat_109', 1, 0, 2012, 2150, 1, '', 1), (4951, 'Flat_109', 1, 1, 2012, 2150, 1, '', 1), (4952, 'Flat_109', 1, 2, 2012, 2150, 1, '', 1), (4953, 'Flat_109', 1, 3, 2012, 2620, 1, '', 1), (4954, 'Flat_109', 1, 4, 2012, 5000, 11, '', 1), (4955, 'Flat_109', 1, 5, 2012, 2620, 1, '', 1), (4956, 'Flat_109', 1, 6, 2012, 2620, 1, '', 1), (4957, 'Flat_109', 1, 7, 2012, 2620, 1, '', 1), (4958, 'Flat_109', 1, 8, 2012, 2620, 1, '', 1), (4959, 'Flat_109', 1, 9, 2012, 2620, 1, '', 1), (4960, 'Flat_109', 1, 10, 2012, 2620, 1, '', 1), (4961, 'Flat_109', 1, 11, 2012, 2620, 1, '', 1), (4962, 'Flat_109', 1, 0, 2013, 10000, 18, '', 1), (4963, 'Flat_109', 1, 1, 2013, 2920, 1, '', 1), (4964, 'Flat_109', 1, 2, 2013, 2920, 1, '', 1), (4965, 'Flat_109', 1, 3, 2013, 2920, 17, '', 1), (4966, 'Flat_109', 1, 4, 2013, 2920, 1, '', 1), (4967, 'Flat_109', 1, 5, 2013, 2920, 1, '', 1), (4968, 'Flat_109', 1, 6, 2013, 3550, 1, '', 1), (4969, 'Flat_109', 1, 7, 2013, 3550, 1, '', 1), (4970, 'Flat_109', 1, 8, 2013, 3550, 1, '', 1), (4971, 'Flat_109', 1, 9, 2013, 3550, 1, '', 1), (4972, 'Flat_109', 1, 10, 2013, 3550, 1, '', 1), (4973, 'Flat_109', 1, 11, 2013, 3550, 1, '', 1), (4974, 'Flat_109', 1, 0, 2014, 3550, 1, '', 1), (4975, 'Flat_109', 1, 1, 2014, 3550, 1, '', 1), (4976, 'Flat_109', 1, 2, 2014, 3550, 1, '', 1), (4977, 'Flat_109', 1, 3, 2014, 3550, 1, '', 1), (4978, 'Flat_109', 1, 4, 2014, 3550, 1, '', 1), (4979, 'Flat_109', 1, 5, 2014, 3550, 1, '', 1), (4980, 'Flat_109', 1, 6, 2014, 3550, 1, '', 1), (4981, 'Flat_109', 1, 7, 2014, 3550, 1, '', 1), (4982, 'Flat_109', 1, 8, 2014, 3550, 1, '', 1), (4983, 'Flat_109', 1, 9, 2014, 3550, 1, '', 1), (4984, 'Flat_109', 1, 10, 2014, 3550, 1, '', 1), (4985, 'Flat_109', 1, 11, 2014, 3550, 18, '', 1), (4986, 'Flat_109', 1, 0, 2015, 3550, 1, '', 1), (4987, 'Flat_109', 1, 1, 2015, 3550, 1, '', 1), (4988, 'Flat_109', 1, 2, 2015, 3550, 1, '', 1), (4989, 'Flat_109', 1, 3, 2015, 3550, 1, '', 1), (4990, 'Flat_109', 1, 4, 2015, 3750, 1, '', 1), (4991, 'Flat_109', 1, 5, 2015, 3750, 1, '', 1), (4992, 'Flat_109', 1, 6, 2015, 3750, 1, '', 1), (4993, 'Flat_109', 1, 7, 2015, 3750, 1, '', 1), (4994, 'Flat_109', 1, 8, 2015, 3750, 1, '', 1), (4995, 'Flat_109', 1, 9, 2015, 3750, 1, '', 1), (4996, 'Flat_109', 1, 10, 2015, 3750, 1, '', 1), (4997, 'Flat_109', 1, 11, 2015, 3750, 1, '', 1), (4998, 'Flat_109', 1, 0, 2016, 3750, 1, '', 1), (4999, 'Flat_109', 1, 1, 2016, 3750, 1, '', 1), (5000, 'Flat_109', 1, 2, 2016, 3750, 1, '', 1), (5001, 'Flat_109', 1, 3, 2016, 3750, 1, '', 1), (5002, 'Flat_109', 1, 4, 2016, 3750, 1, '', 1), (5003, 'Flat_109', 1, 5, 2016, 3750, 1, '', 1), (5004, 'Flat_109', 1, 6, 2016, 3750, 1, '', 1), (5005, 'Flat_109', 1, 7, 2016, 3750, 1, '', 1), (5006, 'Flat_109', 1, 8, 2016, 3750, 1, '', 1), (5007, 'Flat_209', 1, 10, 2010, 2000, 1, '', 1), (5008, 'Flat_209', 1, 11, 2010, 2011, 1, '', 1), (5009, 'Flat_209', 1, 0, 2011, 1724, 1, '', 1), (5010, 'Flat_209', 1, 1, 2011, 1628, 1, '', 1), (5011, 'Flat_209', 1, 2, 2011, 1668, 1, '', 1), (5012, 'Flat_209', 1, 3, 2011, 2681, 1, '', 1), (5013, 'Flat_209', 1, 4, 2011, 2723, 1, '', 1), (5014, 'Flat_209', 1, 5, 2011, 2150, 1, '', 1), (5015, 'Flat_209', 1, 6, 2011, 2150, 1, '', 1), (5016, 'Flat_209', 1, 7, 2011, 2150, 1, '', 1), (5017, 'Flat_209', 1, 8, 2011, 2150, 1, '', 1), (5018, 'Flat_209', 1, 9, 2011, 2150, 1, '', 1), (5019, 'Flat_209', 1, 10, 2011, 1000, 16, '', 1), (5020, 'Flat_209', 1, 11, 2011, 2150, 1, '', 1), (5021, 'Flat_209', 1, 0, 2012, 2150, 1, '', 1), (5022, 'Flat_209', 1, 1, 2012, 2150, 1, '', 1), (5023, 'Flat_209', 1, 2, 2012, 2150, 1, '', 1), (5024, 'Flat_209', 1, 3, 2012, 2620, 1, '', 1), (5025, 'Flat_209', 1, 4, 2012, 5000, 11, '', 1), (5026, 'Flat_209', 1, 5, 2012, 2620, 1, '', 1), (5027, 'Flat_209', 1, 6, 2012, 2620, 1, '', 1), (5028, 'Flat_209', 1, 7, 2012, 2620, 1, '', 1), (5029, 'Flat_209', 1, 8, 2012, 2620, 1, '', 1), (5030, 'Flat_209', 1, 9, 2012, 2620, 1, '', 1), (5031, 'Flat_209', 1, 10, 2012, 2620, 1, '', 1), (5032, 'Flat_209', 1, 11, 2012, 2620, 1, '', 1), (5033, 'Flat_209', 1, 0, 2013, 10000, 18, '', 1), (5034, 'Flat_209', 1, 1, 2013, 2920, 1, '', 1), (5035, 'Flat_209', 1, 2, 2013, 2920, 1, '', 1), (5036, 'Flat_209', 1, 3, 2013, 2920, 17, '', 1), (5037, 'Flat_209', 1, 4, 2013, 2920, 1, '', 1), (5038, 'Flat_209', 1, 5, 2013, 2920, 1, '', 1), (5039, 'Flat_209', 1, 6, 2013, 3550, 1, '', 1), (5040, 'Flat_209', 1, 7, 2013, 3550, 1, '', 1), (5041, 'Flat_209', 1, 8, 2013, 3550, 1, '', 1), (5042, 'Flat_209', 1, 9, 2013, 3550, 1, '', 1), (5043, 'Flat_209', 1, 10, 2013, 3550, 1, '', 1), (5044, 'Flat_209', 1, 11, 2013, 3550, 1, '', 1), (5045, 'Flat_209', 1, 0, 2014, 3550, 1, '', 1), (5046, 'Flat_209', 1, 1, 2014, 3550, 1, '', 1), (5047, 'Flat_209', 1, 2, 2014, 3550, 1, '', 1), (5048, 'Flat_209', 1, 3, 2014, 3550, 1, '', 1), (5049, 'Flat_209', 1, 4, 2014, 3550, 1, '', 1), (5050, 'Flat_209', 1, 5, 2014, 3550, 1, '', 1), (5051, 'Flat_209', 1, 6, 2014, 3550, 1, '', 1), (5052, 'Flat_209', 1, 7, 2014, 3550, 1, '', 1), (5053, 'Flat_209', 1, 8, 2014, 3550, 1, '', 1), (5054, 'Flat_209', 1, 9, 2014, 3550, 1, '', 1), (5055, 'Flat_209', 1, 10, 2014, 3550, 1, '', 1), (5056, 'Flat_209', 1, 11, 2014, 3550, 18, '', 1), (5057, 'Flat_209', 1, 0, 2015, 3550, 1, '', 1), (5058, 'Flat_209', 1, 1, 2015, 3550, 1, '', 1), (5059, 'Flat_209', 1, 2, 2015, 3550, 1, '', 1), (5060, 'Flat_209', 1, 3, 2015, 3550, 1, '', 1), (5061, 'Flat_209', 1, 4, 2015, 3750, 1, '', 1), (5062, 'Flat_209', 1, 5, 2015, 3750, 1, '', 1), (5063, 'Flat_209', 1, 6, 2015, 3750, 1, '', 1), (5064, 'Flat_209', 1, 7, 2015, 3750, 1, '', 1), (5065, 'Flat_209', 1, 8, 2015, 3750, 1, '', 1), (5066, 'Flat_209', 1, 9, 2015, 3750, 1, '', 1), (5067, 'Flat_209', 1, 10, 2015, 3750, 1, '', 1), (5068, 'Flat_209', 1, 11, 2015, 3750, 1, '', 1), (5069, 'Flat_209', 1, 0, 2016, 3750, 1, '', 1), (5070, 'Flat_209', 1, 1, 2016, 3750, 1, '', 1), (5071, 'Flat_209', 1, 2, 2016, 3750, 1, '', 1), (5072, 'Flat_209', 1, 3, 2016, 3750, 1, '', 1), (5073, 'Flat_209', 1, 4, 2016, 3750, 1, '', 1), (5074, 'Flat_209', 1, 5, 2016, 3750, 1, '', 1), (5075, 'Flat_209', 1, 6, 2016, 3750, 1, '', 1), (5076, 'Flat_209', 1, 7, 2016, 3750, 1, '', 1), (5077, 'Flat_209', 1, 8, 2016, 3750, 1, '', 1), (5078, 'Flat_309', 1, 10, 2010, 2000, 1, '', 1), (5079, 'Flat_309', 1, 11, 2010, 2011, 1, '', 1), (5080, 'Flat_309', 1, 0, 2011, 1724, 1, '', 1), (5081, 'Flat_309', 1, 1, 2011, 1628, 1, '', 1), (5082, 'Flat_309', 1, 2, 2011, 1668, 1, '', 1), (5083, 'Flat_309', 1, 3, 2011, 2681, 1, '', 1), (5084, 'Flat_309', 1, 4, 2011, 2723, 1, '', 1), (5085, 'Flat_309', 1, 5, 2011, 2150, 1, '', 1), (5086, 'Flat_309', 1, 6, 2011, 2150, 1, '', 1), (5087, 'Flat_309', 1, 7, 2011, 2150, 1, '', 1), (5088, 'Flat_309', 1, 8, 2011, 2150, 1, '', 1), (5089, 'Flat_309', 1, 9, 2011, 2150, 1, '', 1), (5090, 'Flat_309', 1, 10, 2011, 1000, 16, '', 1), (5091, 'Flat_309', 1, 11, 2011, 2150, 1, '', 1), (5092, 'Flat_309', 1, 0, 2012, 2150, 1, '', 1), (5093, 'Flat_309', 1, 1, 2012, 2150, 1, '', 1), (5094, 'Flat_309', 1, 2, 2012, 2150, 1, '', 1), (5095, 'Flat_309', 1, 3, 2012, 2620, 1, '', 1), (5096, 'Flat_309', 1, 4, 2012, 5000, 11, '', 1), (5097, 'Flat_309', 1, 5, 2012, 2620, 1, '', 1), (5098, 'Flat_309', 1, 6, 2012, 2620, 1, '', 1), (5099, 'Flat_309', 1, 7, 2012, 2620, 1, '', 1), (5100, 'Flat_309', 1, 8, 2012, 2620, 1, '', 1), (5101, 'Flat_309', 1, 9, 2012, 2620, 1, '', 1), (5102, 'Flat_309', 1, 10, 2012, 2620, 1, '', 1), (5103, 'Flat_309', 1, 11, 2012, 2620, 1, '', 1), (5104, 'Flat_309', 1, 0, 2013, 10000, 18, '', 1), (5105, 'Flat_309', 1, 1, 2013, 2920, 1, '', 1), (5106, 'Flat_309', 1, 2, 2013, 2920, 1, '', 1), (5107, 'Flat_309', 1, 3, 2013, 2920, 17, '', 1), (5108, 'Flat_309', 1, 4, 2013, 2920, 1, '', 1), (5109, 'Flat_309', 1, 5, 2013, 2920, 1, '', 1), (5110, 'Flat_309', 1, 6, 2013, 3550, 1, '', 1), (5111, 'Flat_309', 1, 7, 2013, 3550, 1, '', 1), (5112, 'Flat_309', 1, 8, 2013, 3550, 1, '', 1), (5113, 'Flat_309', 1, 9, 2013, 3550, 1, '', 1), (5114, 'Flat_309', 1, 10, 2013, 3550, 1, '', 1), (5115, 'Flat_309', 1, 11, 2013, 3550, 1, '', 1), (5116, 'Flat_309', 1, 0, 2014, 3550, 1, '', 1), (5117, 'Flat_309', 1, 1, 2014, 3550, 1, '', 1), (5118, 'Flat_309', 1, 2, 2014, 3550, 1, '', 1), (5119, 'Flat_309', 1, 3, 2014, 3550, 1, '', 1), (5120, 'Flat_309', 1, 4, 2014, 3550, 1, '', 1), (5121, 'Flat_309', 1, 5, 2014, 3550, 1, '', 1), (5122, 'Flat_309', 1, 6, 2014, 3550, 1, '', 1), (5123, 'Flat_309', 1, 7, 2014, 3550, 1, '', 1), (5124, 'Flat_309', 1, 8, 2014, 3550, 1, '', 1), (5125, 'Flat_309', 1, 9, 2014, 3550, 1, '', 1), (5126, 'Flat_309', 1, 10, 2014, 3550, 1, '', 1), (5127, 'Flat_309', 1, 11, 2014, 3550, 18, '', 1), (5128, 'Flat_309', 1, 0, 2015, 3550, 1, '', 1), (5129, 'Flat_309', 1, 1, 2015, 3550, 1, '', 1), (5130, 'Flat_309', 1, 2, 2015, 3550, 1, '', 1), (5131, 'Flat_309', 1, 3, 2015, 3550, 1, '', 1), (5132, 'Flat_309', 1, 4, 2015, 3750, 1, '', 1), (5133, 'Flat_309', 1, 5, 2015, 3750, 1, '', 1), (5134, 'Flat_309', 1, 6, 2015, 3750, 1, '', 1), (5135, 'Flat_309', 1, 7, 2015, 3750, 1, '', 1), (5136, 'Flat_309', 1, 8, 2015, 3750, 1, '', 1), (5137, 'Flat_309', 1, 9, 2015, 3750, 1, '', 1), (5138, 'Flat_309', 1, 10, 2015, 3750, 1, '', 1), (5139, 'Flat_309', 1, 11, 2015, 3750, 1, '', 1), (5140, 'Flat_309', 1, 0, 2016, 3750, 1, '', 1), (5141, 'Flat_309', 1, 1, 2016, 3750, 1, '', 1), (5142, 'Flat_309', 1, 2, 2016, 3750, 1, '', 1), (5143, 'Flat_309', 1, 3, 2016, 3750, 1, '', 1), (5144, 'Flat_309', 1, 4, 2016, 3750, 1, '', 1), (5145, 'Flat_309', 1, 5, 2016, 3750, 1, '', 1), (5146, 'Flat_309', 1, 6, 2016, 3750, 1, '', 1), (5147, 'Flat_309', 1, 7, 2016, 3750, 1, '', 1), (5148, 'Flat_309', 1, 8, 2016, 3750, 1, '', 1);
/*!40000 ALTER TABLE `Flat_Wise_Payable` ENABLE KEYS */;


# Dumping structure for table sql6151810.Login
DROP TABLE IF EXISTS `Login`;
CREATE TABLE IF NOT EXISTS `Login` (
  `Login_Id` varchar(20) NOT NULL,
  `Password` varchar(50) NOT NULL,
  `Status` tinyint(1) NOT NULL DEFAULT '1',
  `Society_Id` int(100) DEFAULT NULL,
  PRIMARY KEY (`Login_Id`)
) ENGINE=InnoDB DEFAULT CHARSET=latin1;

# Dumping data for table sql6151810.Login: 27 rows
/*!40000 ALTER TABLE `Login` DISABLE KEYS */;
INSERT INTO `Login` (`Login_Id`, `Password`, `Status`, `Society_Id`) VALUES ('superadmin', '1', 1, 1);
/*!40000 ALTER TABLE `Login` ENABLE KEYS */;


# Dumping structure for table sql6151810.Notification
DROP TABLE IF EXISTS `Notification`;
CREATE TABLE IF NOT EXISTS `Notification` (
  `id` int(10) NOT NULL AUTO_INCREMENT,
  `Message` varchar(100) DEFAULT '0',
  `Time` datetime DEFAULT '0000-00-00 00:00:00',
  PRIMARY KEY (`id`)
) ENGINE=InnoDB DEFAULT CHARSET=latin1;

# No rows in table sql6151810.Notification


# Dumping structure for table sql6151810.Society
DROP TABLE IF EXISTS `Society`;
CREATE TABLE IF NOT EXISTS `Society` (
  `Society_Id` int(100) NOT NULL,
  `Society_Name` varchar(50) NOT NULL,
  `Database_URL` varchar(200) NOT NULL,
  `Database_User` varchar(50) NOT NULL,
  `Database_Password` varchar(50) NOT NULL,
  `Email_Id` varchar(100) NOT NULL,
  PRIMARY KEY (`Society_Id`),
  UNIQUE KEY `Society_Name` (`Society_Name`),
  UNIQUE KEY `Database_URL_Database_User` (`Database_URL`,`Database_User`)
) ENGINE=InnoDB DEFAULT CHARSET=latin1;

# Dumping data for table sql6151810.Society: 1 rows
/*!40000 ALTER TABLE `Society` DISABLE KEYS */;
INSERT INTO `Society` (`Society_Id`, `Society_Name`, `Database_URL`, `Database_User`, `Database_Password`, `Email_Id`) VALUES (1, 'BHOWA', 'jdbc:mysql://sql6.freemysqlhosting.net:3306/sql6151810', 'sql6151810', 'iSDBwCe8dF', 'bhowa.begurwoods@gmail.com');
/*!40000 ALTER TABLE `Society` ENABLE KEYS */;


# Dumping structure for table sql6151810.Transactions_BalanceSheet
DROP TABLE IF EXISTS `Transactions_BalanceSheet`;
CREATE TABLE IF NOT EXISTS `Transactions_BalanceSheet` (
  `Balance_Sheet_Transaction_ID` int(10) NOT NULL AUTO_INCREMENT,
  `Amount` float NOT NULL,
  `Verified_By_Admin` varchar(20) NOT NULL,
  `Verified_By_User` varchar(20) NOT NULL,
  `Expense_Type_Id` int(10) NOT NULL,
  `Transaction_From_Bank_Statement_ID` int(20) DEFAULT NULL,
  `User_Cash_Payment_ID` bigint(10) DEFAULT NULL,
  `Transaction_Expense_Id` int(10) DEFAULT NULL,
  `Transaction_Flow` varchar(20) NOT NULL,
  `Flat_Wise_Payable_ID` int(10) NOT NULL,
  PRIMARY KEY (`Balance_Sheet_Transaction_ID`)
) ENGINE=InnoDB DEFAULT CHARSET=latin1;

# No rows in table sql6151810.Transactions_BalanceSheet


# Dumping structure for table sql6151810.Transactions_Staging_Data
DROP TABLE IF EXISTS `Transactions_Staging_Data`;
CREATE TABLE IF NOT EXISTS `Transactions_Staging_Data` (
  `Transaction_ID` int(10) NOT NULL AUTO_INCREMENT,
  `StatementID` int(10) NOT NULL,
  `Name` varchar(50) NOT NULL,
  `Amount` float NOT NULL,
  `Transaction_Date` datetime NOT NULL,
  `Transaction_Flow` varchar(20) NOT NULL,
  `Transaction_Mode` varchar(20) DEFAULT NULL,
  `Transaction_Reference` varchar(70) DEFAULT NULL,
  `Upload_Date` timestamp NOT NULL DEFAULT CURRENT_TIMESTAMP ON UPDATE CURRENT_TIMESTAMP,
  `Uploaded_LoginId` varchar(50) NOT NULL,
  PRIMARY KEY (`Transaction_ID`)
) ENGINE=InnoDB DEFAULT CHARSET=latin1;

# No rows in table sql6151810.Transactions_Staging_Data


# Dumping structure for table sql6151810.Transactions_Verified
DROP TABLE IF EXISTS `Transactions_Verified`;
CREATE TABLE IF NOT EXISTS `Transactions_Verified` (
  `Transaction_From_Bank_Statement_ID` int(10) NOT NULL AUTO_INCREMENT,
  `Amount` float NOT NULL,
  `Transaction_Date` datetime NOT NULL,
  `Transaction_Flow` varchar(20) NOT NULL,
  `Transaction_Mode` varchar(20) NOT NULL,
  `Transaction_Reference` varchar(70) DEFAULT NULL,
  `User_Id` varchar(20) NOT NULL,
  `Flat_Id` varchar(20) DEFAULT NULL,
  `Verified_By` varchar(20) NOT NULL,
  `Splitted` tinyint(1) NOT NULL DEFAULT '0',
  `Way_Of_Verification` varchar(10) NOT NULL DEFAULT 'Auto',
  PRIMARY KEY (`Transaction_From_Bank_Statement_ID`),
  UNIQUE KEY `Amount_Transaction_Date_Transaction_Reference` (`Amount`,`Transaction_Date`,`Transaction_Reference`)
) ENGINE=InnoDB DEFAULT CHARSET=latin1;

# No rows in table sql6151810.Transactions_Verified


# Dumping structure for table sql6151810.User_Details
DROP TABLE IF EXISTS `User_Details`;
CREATE TABLE IF NOT EXISTS `User_Details` (
  `User_Id` varchar(20) NOT NULL,
  `Login_Id` varchar(20) DEFAULT NULL,
  `User_Type` varchar(20) NOT NULL,
  `Status` tinyint(1) NOT NULL,
  `Flat_Id` varchar(10) DEFAULT NULL,
  `Name` varchar(50) NOT NULL,
  `Name_Alias` varchar(400) DEFAULT NULL,
  `Mobile_No` bigint(13) DEFAULT NULL,
  `Moble_No_Alternate` bigint(13) DEFAULT NULL,
  `Email_Id` varchar(30) DEFAULT NULL,
  `Address` varchar(100) DEFAULT NULL,
  `Flat_Join_Date` datetime DEFAULT NULL,
  `Flat_Left_Date` datetime DEFAULT NULL,
  `Auth_Ids` varchar(100) DEFAULT NULL,
  `Service_Type_Id` int(10) DEFAULT NULL,
  PRIMARY KEY (`User_Id`)
) ENGINE=InnoDB DEFAULT CHARSET=latin1;

# Dumping data for table sql6151810.User_Details: 32 rows
/*!40000 ALTER TABLE `User_Details` DISABLE KEYS */;
INSERT INTO `User_Details` (`User_Id`, `Login_Id`, `User_Type`, `Status`, `Flat_Id`, `Name`, `Name_Alias`, `Mobile_No`, `Moble_No_Alternate`, `Email_Id`, `Address`, `Flat_Join_Date`, `Flat_Left_Date`, `Auth_Ids`, `Service_Type_Id`) VALUES ('super_admin', 'superadmin', '', 1, NULL, '', NULL, NULL, NULL, NULL, NULL, NULL, NULL, '0', NULL);
/*!40000 ALTER TABLE `User_Details` ENABLE KEYS */;


# Dumping structure for table sql6151810.User_Paid
DROP TABLE IF EXISTS `User_Paid`;
CREATE TABLE IF NOT EXISTS `User_Paid` (
  `User_Cash_Payment_ID` bigint(50) NOT NULL AUTO_INCREMENT,
  `User_ID` varchar(20) NOT NULL,
  `Flat_ID` varchar(10) NOT NULL,
  `Amount` double NOT NULL,
  `Paid_Date` datetime NOT NULL,
  `Expense_Type_Id` int(10) NOT NULL,
  `Verified` tinyint(1) NOT NULL,
  `Verified_By` varchar(20) NOT NULL DEFAULT '0',
  `User_Comment` varchar(200) NOT NULL,
  `Admin_Comment` varchar(200) NOT NULL,
  `User_Verified` tinyint(1) NOT NULL DEFAULT '0',
  `Splitted` tinyint(1) NOT NULL DEFAULT '0',
  PRIMARY KEY (`User_Cash_Payment_ID`),
  UNIQUE KEY `User_ID_Flat_ID_Amount_Paid_Date_Expense_Type_Id` (`User_ID`,`Flat_ID`,`Amount`,`Paid_Date`,`Expense_Type_Id`)
) ENGINE=InnoDB DEFAULT CHARSET=latin1;

# No rows in table sql6151810.User_Paid


# Dumping structure for table sql6151810.User_Payment_Status
DROP TABLE IF EXISTS `User_Payment_Status`;
CREATE TABLE IF NOT EXISTS `User_Payment_Status` (
  `Payment_Status_Id` int(10) NOT NULL AUTO_INCREMENT,
  `Status_Type` varchar(20) NOT NULL,
  PRIMARY KEY (`Payment_Status_Id`),
  UNIQUE KEY `Status_Type` (`Status_Type`)
) ENGINE=InnoDB DEFAULT CHARSET=latin1;

# Dumping data for table sql6151810.User_Payment_Status: 3 rows
/*!40000 ALTER TABLE `User_Payment_Status` DISABLE KEYS */;
INSERT INTO `User_Payment_Status` (`Payment_Status_Id`, `Status_Type`) VALUES (2, 'Full_Paid'), (1, 'Not_Paid'), (3, 'Partial_Paid');
/*!40000 ALTER TABLE `User_Payment_Status` ENABLE KEYS */;
/*!40101 SET SQL_MODE=@OLD_SQL_MODE */;
/*!40014 SET FOREIGN_KEY_CHECKS=@OLD_FOREIGN_KEY_CHECKS */;
/*!40101 SET CHARACTER_SET_CLIENT=@OLD_CHARACTER_SET_CLIENT */;
