# --------------------------------------------------------
# Host:                         sql6.freemysqlhosting.net
# Database:                     sql6134070
# Server version:               5.5.49-0ubuntu0.14.04.1
# Server OS:                    debian-linux-gnu
# HeidiSQL version:             5.0.0.3031
# Date/time:                    2016-12-03 09:42:35
# --------------------------------------------------------

/*!40101 SET @OLD_CHARACTER_SET_CLIENT=@@CHARACTER_SET_CLIENT */;
/*!40101 SET NAMES utf8 */;
/*!40014 SET @OLD_FOREIGN_KEY_CHECKS=@@FOREIGN_KEY_CHECKS, FOREIGN_KEY_CHECKS=0 */;
/*!40101 SET @OLD_SQL_MODE=@@SQL_MODE, SQL_MODE='NO_AUTO_VALUE_ON_ZERO' */;
# Dumping database structure for sql6134070
CREATE DATABASE IF NOT EXISTS `sql6134070` /*!40100 DEFAULT CHARACTER SET latin1 */;
USE `sql6134070`;


# Dumping structure for table sql6134070.Apartment_Expense
CREATE TABLE IF NOT EXISTS `Apartment_Expense` (
  `Transaction_Expense_Id` int(10) NOT NULL,
  `Expense_Type_Id` int(10) NOT NULL,
  `Amount` float NOT NULL,
  `Transaction_ID` int(11) NOT NULL,
  PRIMARY KEY (`Transaction_Expense_Id`)
) ENGINE=InnoDB DEFAULT CHARSET=latin1;

# No rows in table sql6134070.Apartment_Expense


# Dumping structure for table sql6134070.Authorizations
CREATE TABLE IF NOT EXISTS `Authorizations` (
  `Auth_Id` int(10) NOT NULL,
  `Type` varchar(50) NOT NULL,
  PRIMARY KEY (`Type`),
  UNIQUE KEY `Auth_Id` (`Auth_Id`)
) ENGINE=InnoDB DEFAULT CHARSET=latin1;

# Dumping data for table sql6134070.Authorizations: 17 rows
/*!40000 ALTER TABLE `Authorizations` DISABLE KEYS */;
INSERT IGNORE INTO `Authorizations` (`Auth_Id`, `Type`) VALUES (0, 'ADMIN'), (1, 'MY_DUES_VIEWS'), (2, 'NOTIFICATION_SEND'), (3, 'USER_DETAIL_VIEW'), (4, 'USER_DETAIL_CREATE'), (5, 'FLAT_DETAIL_VIEW'), (6, 'FLAT_DETAIL_CREATE'), (7, 'LOGIN_VIEW'), (8, 'LOGIN_CREATE'), (9, 'MONTHLY_STATEMENT_UPLOAD'), (10, 'RAW_DATA_VIEW'), (11, 'TRANSACTIONS_DETAIL_VIEW'), (12, 'PDF_TRANSACTION_VIEW'), (13, 'PDF_TRANSACTION_UPLOAD_TO_STAGING_TABLE'), (14, 'MAP_USER_WITH_MONTHLY_PDF_NAME'), (15, 'MONTHLY_MAINTENANCE_GENERATOR'), (16, 'VERIFIED_PDF_TRANSACTIONS_UPLOAD');
/*!40000 ALTER TABLE `Authorizations` ENABLE KEYS */;


# Dumping structure for table sql6134070.Expense_Type
CREATE TABLE IF NOT EXISTS `Expense_Type` (
  `Expense_Type_Id` int(10) NOT NULL,
  `Type` varchar(50) NOT NULL,
  `Payable_Priority` int(10) DEFAULT NULL,
  PRIMARY KEY (`Expense_Type_Id`),
  UNIQUE KEY `Type` (`Type`)
) ENGINE=InnoDB DEFAULT CHARSET=latin1;

# Dumping data for table sql6134070.Expense_Type: 32 rows
/*!40000 ALTER TABLE `Expense_Type` DISABLE KEYS */;
INSERT IGNORE INTO `Expense_Type` (`Expense_Type_Id`, `Type`, `Payable_Priority`) VALUES (0, 'Unknown', 1000), (1, 'Monthly_Maintenance', 1), (2, 'Initial_Payable', -1), (3, 'Khata_Payable', 3), (4, 'Generator_Repair_Servicing', NULL), (5, 'Lift_AMC', NULL), (6, 'Lift_Repair\r\n', NULL), (7, 'Plumbing', NULL), (8, 'Electrical_Repair', NULL), (9, 'Tank_Cleaning_Repairing', NULL), (10, 'Lawyer', NULL), (11, 'Miscellaneous', NULL), (12, 'Intercom_AMC\r\n', NULL), (13, 'Intercom_Purchase_Repair', NULL), (14, 'Fire_Extinguisher', NULL), (15, 'Security_Related', NULL), (16, 'Apartment_InfraStructure_Repair\r\n', NULL), (17, 'Children_Park', NULL), (18, 'Septick_Tank_ Pipe_Cleaning', NULL), (19, 'Club_House', NULL), (20, 'Alamari_Purchase', NULL), (21, 'Security_Guards\r\n', NULL), (22, 'House_Keeping_Labour', NULL), (23, 'Common_Electricity', NULL), (24, 'Water_Tankers ', NULL), (25, 'Gardening', NULL), (26, 'Deisel_For_Generator\r\n', NULL), (27, 'House_Keeping_Consumables', NULL), (28, 'Pest_Control', NULL), (29, 'Generator_AMC', NULL), (30, 'Flat_Old_Dues', 2), (31, 'Waste_Disposal', NULL);
/*!40000 ALTER TABLE `Expense_Type` ENABLE KEYS */;


# Dumping structure for table sql6134070.Flat
CREATE TABLE IF NOT EXISTS `Flat` (
  `Flat_Id` varchar(10) NOT NULL,
  `Flat_Number` varchar(10) NOT NULL,
  `Area` int(10) NOT NULL,
  `Maintenance_Amount` float NOT NULL,
  `Block_Number` varchar(1) NOT NULL,
  `Status` tinyint(1) NOT NULL DEFAULT '1',
  PRIMARY KEY (`Flat_Id`)
) ENGINE=InnoDB DEFAULT CHARSET=latin1;

# Dumping data for table sql6134070.Flat: 37 rows
/*!40000 ALTER TABLE `Flat` DISABLE KEYS */;
INSERT IGNORE INTO `Flat` (`Flat_Id`, `Flat_Number`, `Area`, `Maintenance_Amount`, `Block_Number`, `Status`) VALUES ('Flat_001', '001', 1367, 3250, 'A', 1), ('Flat_002', '002', 1302, 3150, 'A', 1), ('Flat_003', '003', 1293, 3140, 'A', 1), ('Flat_004', '004', 1190, 2990, 'A', 1), ('Flat_005', '005', 1840, 3960, 'B', 1), ('Flat_006', '006', 1365, 3250, 'B', 1), ('Flat_007', '007', 1211, 3020, 'B', 1), ('Flat_008', '008', 1200, 3000, 'B', 1), ('Flat_009', '009', 1645, 3670, 'B', 1), ('Flat_101', '101', 1673, 3710, 'A', 1), ('Flat_102', '102', 1302, 3150, 'A', 1), ('Flat_103', '103', 1293, 3140, 'A', 1), ('Flat_104', '104', 1334, 3200, 'A', 1), ('Flat_105', '105', 1840, 3960, 'B', 1), ('Flat_106', '106', 1448, 3370, 'B', 1), ('Flat_107', '107', 1496, 3440, 'B', 1), ('Flat_108', '108', 1310, 3170, 'B', 1), ('Flat_109', '109', 1699, 3750, 'B', 1), ('Flat_201', '201', 1673, 3710, 'A', 1), ('Flat_202', '202', 1302, 3150, 'A', 1), ('Flat_203', '203', 1293, 3140, 'A', 1), ('Flat_204', '204', 1334, 3200, 'A', 1), ('Flat_205', '205', 1840, 3960, 'B', 1), ('Flat_206', '206', 1448, 3370, 'B', 1), ('Flat_207', '207', 1496, 3440, 'B', 1), ('Flat_208', '208', 1310, 3170, 'B', 1), ('Flat_209', '209', 1699, 3750, 'B', 1), ('Flat_301', '301', 1673, 3710, 'A', 1), ('Flat_302', '302', 1302, 3150, 'A', 1), ('Flat_303', '303', 1293, 3140, 'A', 1), ('Flat_304', '304', 1334, 3200, 'A', 1), ('Flat_305', '305', 1840, 3960, 'B', 1), ('Flat_306', '306', 1448, 3370, 'B', 1), ('Flat_307', '307', 1496, 3440, 'B', 1), ('Flat_308', '308', 1310, 3170, 'B', 1), ('Flat_309', '309', 1699, 3750, 'B', 1), ('Flat_310', '310', 1800, 4000, 'B', 1);
/*!40000 ALTER TABLE `Flat` ENABLE KEYS */;


# Dumping structure for table sql6134070.Flat_Wise_Payable
CREATE TABLE IF NOT EXISTS `Flat_Wise_Payable` (
  `Payable_Id` mediumint(10) NOT NULL AUTO_INCREMENT,
  `Flat_Id` varchar(10) NOT NULL,
  `Status` int(1) NOT NULL DEFAULT '1',
  `Month` int(2) NOT NULL,
  `Year` int(4) NOT NULL,
  `Amount` float NOT NULL,
  `Expense_Type_Id` int(10) NOT NULL,
  `Comments` varchar(50) NOT NULL,
  `Payment_IDs` varchar(100) NOT NULL,
  `Payment_Status_ID` int(10) NOT NULL DEFAULT '1',
  PRIMARY KEY (`Payable_Id`),
  UNIQUE KEY `Flat_Id_Month_Year_Expense_Type` (`Flat_Id`,`Month`,`Year`,`Expense_Type_Id`)
) ENGINE=InnoDB DEFAULT CHARSET=latin1;

# Dumping data for table sql6134070.Flat_Wise_Payable: 196 rows
/*!40000 ALTER TABLE `Flat_Wise_Payable` DISABLE KEYS */;
INSERT IGNORE INTO `Flat_Wise_Payable` (`Payable_Id`, `Flat_Id`, `Status`, `Month`, `Year`, `Amount`, `Expense_Type_Id`, `Comments`, `Payment_IDs`, `Payment_Status_ID`) VALUES (1, 'Flat_309', 1, 7, 2106, 274755, 2, 'July 2016 BHOWA XLS Receivable data', '', 1), (2, 'Flat_001', 1, 7, 2106, 244764, 2, 'July 2016 BHOWA XLS Receivable data', '', 1), (3, 'Flat_101', 1, 7, 2106, 272091, 2, 'July 2016 BHOWA XLS Receivable data', '', 1), (4, 'Flat_201', 1, 7, 2106, 272691, 2, 'July 2016 BHOWA XLS Receivable data', '', 1), (5, 'Flat_301', 1, 7, 2106, 272191, 2, 'July 2016 BHOWA XLS Receivable data', '', 1), (6, 'Flat_002', 1, 7, 2106, 232527, 2, 'July 2016 BHOWA XLS Receivable data', '', 1), (7, 'Flat_102', 1, 7, 2106, 238825, 2, 'July 2016 BHOWA XLS Receivable data', '', 1), (8, 'Flat_202', 0, 7, 2106, 20319, 2, 'July 2016 BHOWA XLS Receivable data', '', 1), (9, 'Flat_302', 1, 7, 2106, 238825, 2, 'July 2016 BHOWA XLS Receivable data', '', 1), (10, 'Flat_003', 1, 7, 2106, 184780, 2, 'July 2016 BHOWA XLS Receivable data', '', 1), (11, 'Flat_103', 1, 7, 2106, 238256, 2, 'July 2016 BHOWA XLS Receivable data', '', 1), (12, 'Flat_203', 1, 7, 2106, 240956, 2, 'July 2016 BHOWA XLS Receivable data', '', 1), (13, 'Flat_303', 0, 7, 2106, 56458, 2, 'July 2016 BHOWA XLS Receivable data', '', 1), (14, 'Flat_004', 1, 7, 2106, 229889, 2, 'July 2016 BHOWA XLS Receivable data', '', 1), (15, 'Flat_104', 1, 7, 2106, 241743, 2, 'July 2016 BHOWA XLS Receivable data', '', 1), (16, 'Flat_204', 1, 7, 2106, 241743, 2, 'July 2016 BHOWA XLS Receivable data', '', 1), (17, 'Flat_304', 1, 7, 2106, 242043, 2, 'July 2016 BHOWA XLS Receivable data', '', 1), (18, 'Flat_005', 1, 7, 2106, 260120, 2, 'July 2016 BHOWA XLS Receivable data', '', 1), (19, 'Flat_105', 1, 7, 2106, 287070, 2, 'July 2016 BHOWA XLS Receivable data', '', 1), (20, 'Flat_205', 1, 7, 2106, 287070, 2, 'July 2016 BHOWA XLS Receivable data', '', 1), (21, 'Flat_305', 1, 7, 2106, 287070, 2, 'July 2016 BHOWA XLS Receivable data', '', 1), (22, 'Flat_006', 1, 7, 2106, 244914, 2, 'July 2016 BHOWA XLS Receivable data', '', 1), (23, 'Flat_106', 1, 7, 2106, 251930, 2, 'July 2016 BHOWA XLS Receivable data', '', 1), (24, 'Flat_206', 1, 7, 2106, 252230, 2, 'July 2016 BHOWA XLS Receivable data', '', 1), (25, 'Flat_306', 1, 7, 2106, 251930, 2, 'July 2016 BHOWA XLS Receivable data', '', 1), (26, 'Flat_007', 1, 7, 2106, 232595, 2, 'July 2016 BHOWA XLS Receivable data', '', 1), (27, 'Flat_107', 1, 7, 2106, 256175, 2, 'July 2016 BHOWA XLS Receivable data', '', 1), (28, 'Flat_207', 1, 7, 2106, 175220, 2, 'July 2016 BHOWA XLS Receivable data', '', 1), (29, 'Flat_307', 1, 7, 2106, 256175, 2, 'July 2016 BHOWA XLS Receivable data', '', 1), (30, 'Flat_008', 1, 7, 2106, 230384, 2, 'July 2016 BHOWA XLS Receivable data', '', 1), (31, 'Flat_108', 1, 7, 2106, 239871, 2, 'July 2016 BHOWA XLS Receivable data', '', 1), (32, 'Flat_208', 1, 7, 2106, 239871, 2, 'July 2016 BHOWA XLS Receivable data', '', 1), (33, 'Flat_308', 1, 7, 2106, 239871, 2, 'July 2016 BHOWA XLS Receivable data', '', 1), (34, 'Flat_009', 1, 7, 2106, 270717, 2, 'July 2016 BHOWA XLS Receivable data', '', 1), (35, 'Flat_109', 1, 7, 2106, 274455, 2, 'July 2016 BHOWA XLS Receivable data', '', 1), (36, 'Flat_209', 1, 7, 2106, 275255, 2, 'July 2016 BHOWA XLS Receivable data', '', 1), (292, 'Flat_001', 1, 8, 2016, 3250, 0, '', '', 1), (293, 'Flat_002', 1, 8, 2016, 3150, 0, '', '', 1), (355, 'Flat_001', 1, 9, 2016, 3250, 1, '', '0', 2), (356, 'Flat_002', 1, 9, 2016, 3150, 1, '', '0', 2), (357, 'Flat_003', 1, 9, 2016, 3140, 1, '', '0', 1), (358, 'Flat_004', 1, 9, 2016, 2990, 1, '', '0', 1), (359, 'Flat_005', 1, 9, 2016, 3960, 1, '', '0', 1), (360, 'Flat_006', 1, 9, 2016, 3250, 1, '', '0', 1), (361, 'Flat_007', 1, 9, 2016, 3020, 1, '', '0', 1), (362, 'Flat_008', 1, 9, 2016, 3000, 1, '', '0', 1), (363, 'Flat_009', 1, 9, 2016, 3670, 1, '', '0', 1), (364, 'Flat_101', 1, 9, 2016, 3710, 1, '', '0', 1), (365, 'Flat_102', 1, 9, 2016, 3150, 1, '', '0', 1), (366, 'Flat_103', 1, 9, 2016, 3140, 1, '', '0', 1), (367, 'Flat_104', 1, 9, 2016, 3200, 1, '', '0', 1), (368, 'Flat_105', 1, 9, 2016, 3960, 1, '', '0', 1), (369, 'Flat_106', 1, 9, 2016, 3370, 1, '', '0', 1), (370, 'Flat_107', 1, 9, 2016, 3440, 1, '', '0', 1), (371, 'Flat_108', 1, 9, 2016, 3170, 1, '', '0', 1), (372, 'Flat_109', 1, 9, 2016, 3750, 1, '', '0', 1), (373, 'Flat_201', 1, 9, 2016, 3710, 1, '', '0', 1), (374, 'Flat_202', 1, 9, 2016, 3150, 1, '', '0', 1), (375, 'Flat_203', 1, 9, 2016, 3140, 1, '', '0', 1), (376, 'Flat_204', 1, 9, 2016, 3200, 1, '', '0', 1), (377, 'Flat_205', 1, 9, 2016, 3960, 1, '', '0', 1), (378, 'Flat_206', 1, 9, 2016, 3370, 1, '', '0', 1), (379, 'Flat_207', 1, 9, 2016, 3440, 1, '', '0', 1), (380, 'Flat_208', 1, 9, 2016, 3170, 1, '', '0', 1), (381, 'Flat_209', 1, 9, 2016, 3750, 1, '', '0', 1), (382, 'Flat_301', 1, 9, 2016, 3710, 1, '', '0', 1), (383, 'Flat_302', 1, 9, 2016, 3150, 1, '', '0', 1), (384, 'Flat_303', 1, 9, 2016, 3140, 1, '', '0', 1), (385, 'Flat_304', 1, 9, 2016, 3200, 1, '', '0', 1), (386, 'Flat_305', 1, 9, 2016, 3960, 1, '', '0', 1), (387, 'Flat_306', 1, 9, 2016, 3370, 1, '', '0', 1), (388, 'Flat_307', 1, 9, 2016, 3440, 1, '', '0', 1), (389, 'Flat_308', 1, 9, 2016, 3170, 1, '', '0', 1), (390, 'Flat_309', 1, 9, 2016, 3750, 1, '', '0', 1), (391, 'Flat_309', 1, 10, 2016, 3750, 1, '', '0', 1), (392, 'Flat_309', 1, 10, 2016, 10000, 2, '', '0', 3), (393, 'Flat_308', 1, 10, 2016, 3170, 1, '', '0', 1), (394, 'Flat_001', 1, 2, 2016, 0, 3, '', '', 1), (395, 'Flat_002', 1, 2, 2016, 0, 3, '', '', 1), (396, 'Flat_003', 1, 2, 2016, 0, 3, '', '', 1), (397, 'Flat_004', 1, 2, 2016, 0, 3, '', '', 1), (398, 'Flat_005', 1, 2, 2016, 0, 3, '', '', 1), (399, 'Flat_006', 1, 2, 2016, 0, 3, '', '', 1), (400, 'Flat_007', 1, 2, 2016, 0, 3, '', '', 1), (401, 'Flat_008', 1, 2, 2016, 0, 3, '', '', 1), (402, 'Flat_009', 1, 2, 2016, 0, 3, '', '', 1), (403, 'Flat_101', 1, 2, 2016, 0, 3, '', '', 1), (404, 'Flat_102', 1, 2, 2016, 0, 3, '', '', 1), (405, 'Flat_103', 1, 2, 2016, 0, 3, '', '', 1), (406, 'Flat_104', 1, 2, 2016, 0, 3, '', '', 1), (407, 'Flat_105', 1, 2, 2016, 0, 3, '', '', 1), (408, 'Flat_106', 1, 2, 2016, 0, 3, '', '', 1), (409, 'Flat_107', 1, 2, 2016, 0, 3, '', '', 1), (410, 'Flat_108', 1, 2, 2016, 0, 3, '', '', 1), (411, 'Flat_109', 1, 2, 2016, 0, 3, '', '', 1), (412, 'Flat_201', 1, 2, 2016, 0, 3, '', '', 1), (413, 'Flat_202', 1, 2, 2016, 0, 3, '', '', 1), (414, 'Flat_203', 1, 2, 2016, 0, 3, '', '', 1), (415, 'Flat_204', 1, 2, 2016, 0, 3, '', '', 1), (416, 'Flat_205', 1, 2, 2016, 0, 3, '', '', 1), (417, 'Flat_206', 1, 2, 2016, 0, 3, '', '', 1), (418, 'Flat_207', 1, 2, 2016, 0, 3, '', '', 1), (419, 'Flat_208', 1, 2, 2016, 0, 3, '', '', 1), (420, 'Flat_209', 1, 2, 2016, 0, 3, '', '', 1), (421, 'Flat_301', 1, 2, 2016, 0, 3, '', '', 1), (422, 'Flat_302', 1, 2, 2016, 0, 3, '', '', 1), (423, 'Flat_303', 1, 2, 2016, 0, 3, '', '', 1), (424, 'Flat_304', 1, 2, 2016, 0, 3, '', '', 1), (425, 'Flat_305', 1, 2, 2016, 0, 3, '', '', 1), (426, 'Flat_306', 1, 2, 2016, 0, 3, '', '', 1), (427, 'Flat_307', 1, 2, 2016, 0, 3, '', '', 1), (428, 'Flat_308', 1, 2, 2016, 0, 3, '', '', 1), (429, 'Flat_309', 1, 2, 2016, 0, 3, '', '', 1), (430, 'Flat_310', 1, 2, 2016, 0, 3, '', '', 1), (457, 'Flat_001', 1, 2, 2016, 500, 4, '', '', 1), (458, 'Flat_002', 1, 2, 2016, 500, 4, '', '', 1), (459, 'Flat_003', 1, 2, 2016, 500, 4, '', '', 1), (460, 'Flat_004', 1, 2, 2016, 500, 4, '', '', 1), (461, 'Flat_005', 1, 2, 2016, 500, 4, '', '', 1), (462, 'Flat_006', 1, 2, 2016, 500, 4, '', '', 1), (463, 'Flat_007', 1, 2, 2016, 500, 4, '', '', 1), (464, 'Flat_008', 1, 2, 2016, 500, 4, '', '', 1), (465, 'Flat_009', 1, 2, 2016, 500, 4, '', '', 1), (466, 'Flat_101', 1, 2, 2016, 500, 4, '', '', 1), (467, 'Flat_102', 1, 2, 2016, 500, 4, '', '', 1), (468, 'Flat_103', 1, 2, 2016, 500, 4, '', '', 1), (469, 'Flat_104', 1, 2, 2016, 500, 4, '', '', 1), (470, 'Flat_105', 1, 2, 2016, 500, 4, '', '', 1), (471, 'Flat_106', 1, 2, 2016, 500, 4, '', '', 1), (472, 'Flat_107', 1, 2, 2016, 500, 4, '', '', 1), (473, 'Flat_108', 1, 2, 2016, 500, 4, '', '', 1), (474, 'Flat_109', 1, 2, 2016, 500, 4, '', '', 1), (475, 'Flat_201', 1, 2, 2016, 500, 4, '', '', 1), (476, 'Flat_202', 1, 2, 2016, 500, 4, '', '', 1), (477, 'Flat_203', 1, 2, 2016, 500, 4, '', '', 1), (478, 'Flat_204', 1, 2, 2016, 500, 4, '', '', 1), (479, 'Flat_205', 1, 2, 2016, 500, 4, '', '', 1), (480, 'Flat_206', 1, 2, 2016, 500, 4, '', '', 1), (481, 'Flat_207', 1, 2, 2016, 500, 4, '', '', 1), (482, 'Flat_208', 1, 2, 2016, 500, 4, '', '', 1), (483, 'Flat_209', 1, 2, 2016, 500, 4, '', '', 1), (484, 'Flat_301', 1, 2, 2016, 500, 4, '', '', 1), (485, 'Flat_302', 1, 2, 2016, 500, 4, '', '', 1), (486, 'Flat_303', 1, 2, 2016, 500, 4, '', '', 1), (487, 'Flat_304', 1, 2, 2016, 500, 4, '', '', 1), (488, 'Flat_305', 1, 2, 2016, 500, 4, '', '', 1), (489, 'Flat_306', 1, 2, 2016, 500, 4, '', '', 1), (490, 'Flat_307', 1, 2, 2016, 500, 4, '', '', 1), (491, 'Flat_308', 1, 2, 2016, 500, 4, '', '', 1), (492, 'Flat_309', 1, 2, 2016, 500, 4, '', '', 1), (493, 'Flat_310', 1, 2, 2016, 500, 4, '', '', 1), (520, 'Flat_001', 1, 2, 2016, 3250, 1, '', '', 1), (521, 'Flat_002', 1, 2, 2016, 3150, 1, '', '', 1), (522, 'Flat_003', 1, 2, 2016, 3140, 1, '', '', 1), (523, 'Flat_004', 1, 2, 2016, 2990, 1, '', '', 1), (524, 'Flat_005', 1, 2, 2016, 3960, 1, '', '', 1), (525, 'Flat_006', 1, 2, 2016, 3250, 1, '', '', 1), (526, 'Flat_007', 1, 2, 2016, 3020, 1, '', '', 1), (527, 'Flat_008', 1, 2, 2016, 3000, 1, '', '', 1), (528, 'Flat_009', 1, 2, 2016, 3670, 1, '', '', 1), (529, 'Flat_101', 1, 2, 2016, 3710, 1, '', '', 1), (530, 'Flat_102', 1, 2, 2016, 3150, 1, '', '', 1), (531, 'Flat_103', 1, 2, 2016, 3140, 1, '', '', 1), (532, 'Flat_104', 1, 2, 2016, 3200, 1, '', '', 1), (533, 'Flat_105', 1, 2, 2016, 3960, 1, '', '', 1), (534, 'Flat_106', 1, 2, 2016, 3370, 1, '', '', 1), (535, 'Flat_107', 1, 2, 2016, 3440, 1, '', '', 1), (536, 'Flat_108', 1, 2, 2016, 3170, 1, '', '', 1), (537, 'Flat_109', 1, 2, 2016, 3750, 1, '', '', 1), (538, 'Flat_201', 1, 2, 2016, 3710, 1, '', '', 1), (539, 'Flat_202', 1, 2, 2016, 3150, 1, '', '', 1), (540, 'Flat_203', 1, 2, 2016, 3140, 1, '', '', 1), (541, 'Flat_204', 1, 2, 2016, 3200, 1, '', '', 1), (542, 'Flat_205', 1, 2, 2016, 3960, 1, '', '', 1), (543, 'Flat_206', 1, 2, 2016, 3370, 1, '', '', 1), (544, 'Flat_207', 1, 2, 2016, 3440, 1, '', '', 1), (545, 'Flat_208', 1, 2, 2016, 3170, 1, '', '', 1), (546, 'Flat_209', 1, 2, 2016, 3750, 1, '', '', 1), (547, 'Flat_301', 1, 2, 2016, 3710, 1, '', '', 1), (548, 'Flat_302', 1, 2, 2016, 3150, 1, '', '', 1), (549, 'Flat_303', 1, 2, 2016, 3140, 1, '', '', 1), (550, 'Flat_304', 1, 2, 2016, 3200, 1, '', '', 1), (551, 'Flat_305', 1, 2, 2016, 3960, 1, '', '', 1), (552, 'Flat_306', 1, 2, 2016, 3370, 1, '', '', 1), (553, 'Flat_307', 1, 2, 2016, 3440, 1, '', '', 1), (554, 'Flat_308', 1, 2, 2016, 3170, 1, '', '', 1), (555, 'Flat_309', 1, 2, 2016, 3750, 1, '', '', 1), (556, 'Flat_310', 1, 2, 2016, 4000, 1, '', '', 1), (583, 'Flat_309', 1, 2, 2016, 98989, 2, '', '', 1), (584, 'Flat_001', 1, 12, 2015, 90000, 3, '', '', 1), (587, 'Flat_002', 1, 12, 2015, 20000, 3, '', '', 1), (588, 'Flat_003', 1, 12, 2015, 35000, 2, '', '', 1), (589, 'Flat_003', 1, 11, 2015, 35000, 2, '', '', 1), (590, 'Flat_004', 1, 10, 2016, 10000, 8, '', '', 1), (591, 'Flat_004', 1, 11, 2016, 10000, 8, '', '', 1), (595, 'Flat_007', 1, 1, 2016, 20000, 3, '', '', 1);
/*!40000 ALTER TABLE `Flat_Wise_Payable` ENABLE KEYS */;


# Dumping structure for table sql6134070.Login
CREATE TABLE IF NOT EXISTS `Login` (
  `Login_Id` varchar(20) NOT NULL,
  `Password` varchar(20) NOT NULL,
  `Status` tinyint(1) NOT NULL DEFAULT '1',
  `Society_Id` int(100) DEFAULT NULL,
  PRIMARY KEY (`Login_Id`)
) ENGINE=InnoDB DEFAULT CHARSET=latin1;

# Dumping data for table sql6134070.Login: 50 rows
/*!40000 ALTER TABLE `Login` DISABLE KEYS */;
INSERT IGNORE INTO `Login` (`Login_Id`, `Password`, `Status`, `Society_Id`) VALUES ('abhinav1', '1', 1, 1), ('Amarjeet1', '1', 1, 1), ('Anshuman1', '1', 1, 1), ('Ashutosh1', '1', 1, 1), ('Balaji1', '1', 1, 1), ('Biju1', '123456', 1, 1), ('Dhiman1', '1', 1, 1), ('divang1', '1', 1, 1), ('Gautam1', '1', 1, 1), ('Gopa1', '1', 1, 1), ('Ivin1', '1', 1, 1), ('jay1', '1', 1, 1), ('Jaya1', '1', 1, 1), ('Karthik1', '1', 1, 1), ('Krishna1', '1', 1, 1), ('Krishnan1', '1', 1, 1), ('Mahesh1', '1', 1, 1), ('maheshwar1', '1', 1, 1), ('Manas1', '1', 1, 1), ('Manendra1', '1', 1, 1), ('manoj1', '1', 1, 1), ('Niteen1', '1', 1, 1), ('Phani1', '1', 1, 1), ('Philip1', '1', 1, 1), ('poonam', '1', 1, 1), ('Praveen1', '1', 1, 1), ('Raghunandan1', '1', 1, 1), ('Raj1', '1', 1, 1), ('ramesh1', '1', 1, 1), ('Sanjib1', '1', 1, 1), ('Satheesh1', '1', 1, 1), ('Shashi1', '1', 1, 1), ('Sidda1', '1', 1, 1), ('Subhash1', '1', 1, 1), ('sudha', '1', 1, 1), ('Sundarali1', '1', 1, 1), ('Vinod1', '1', 1, 1), ('vinoy1', '1', 1, 1), ('vishesh1', '1', 1, 1), ('vivek1', '1', 1, 1), ('w', '1', 1, 1);
/*!40000 ALTER TABLE `Login` ENABLE KEYS */;


# Dumping structure for table sql6134070.Notification
CREATE TABLE IF NOT EXISTS `Notification` (
  `id` int(10) NOT NULL AUTO_INCREMENT,
  `Message` varchar(100) DEFAULT '0',
  `Time` datetime DEFAULT '0000-00-00 00:00:00',
  PRIMARY KEY (`id`)
) ENGINE=InnoDB DEFAULT CHARSET=latin1;

# No rows in table sql6134070.Notification


# Dumping structure for table sql6134070.Society
CREATE TABLE IF NOT EXISTS `Society` (
  `Society_Id` int(100) NOT NULL,
  `Society_Name` varchar(50) NOT NULL,
  `Database_URL` varchar(200) NOT NULL,
  `Database_User` varchar(50) NOT NULL,
  `Database_Password` varchar(50) NOT NULL,
  `Email_Id` varchar(100) NOT NULL,
  PRIMARY KEY (`Society_Id`),
  UNIQUE KEY `Society_Name` (`Society_Name`),
  UNIQUE KEY `Database_URL_Database_User` (`Database_URL`,`Database_User`)
) ENGINE=InnoDB DEFAULT CHARSET=latin1;

# Dumping data for table sql6134070.Society: 1 rows
/*!40000 ALTER TABLE `Society` DISABLE KEYS */;
INSERT IGNORE INTO `Society` (`Society_Id`, `Society_Name`, `Database_URL`, `Database_User`, `Database_Password`, `Email_Id`) VALUES (1, 'BHOWA', 'jdbc:mysql://sql6.freemysqlhosting.net:3306/sql6134070', 'sql6134070', 'UAgCjcJ2d4', 'bhowa.begurwoods@gmail.com');
/*!40000 ALTER TABLE `Society` ENABLE KEYS */;


# Dumping structure for table sql6134070.Transactions_Staging_Data
CREATE TABLE IF NOT EXISTS `Transactions_Staging_Data` (
  `Transaction_ID` int(10) NOT NULL AUTO_INCREMENT,
  `StatementID` int(10) NOT NULL,
  `Name` varchar(50) NOT NULL,
  `Amount` float NOT NULL,
  `Transaction_Date` datetime NOT NULL,
  `Transaction_Flow` varchar(20) NOT NULL,
  `Transaction_Mode` varchar(20) DEFAULT NULL,
  `Transaction_Reference` varchar(70) DEFAULT NULL,
  `User_Id` varchar(20) DEFAULT NULL,
  `Flat_Id` varchar(20) DEFAULT NULL,
  PRIMARY KEY (`Transaction_ID`)
) ENGINE=InnoDB DEFAULT CHARSET=latin1;

# Dumping data for table sql6134070.Transactions_Staging_Data: 530 rows
/*!40000 ALTER TABLE `Transactions_Staging_Data` DISABLE KEYS */;
INSERT IGNORE INTO `Transactions_Staging_Data` (`Transaction_ID`, `StatementID`, `Name`, `Amount`, `Transaction_Date`, `Transaction_Flow`, `Transaction_Mode`, `Transaction_Reference`, `User_Id`, `Flat_Id`) VALUES (1, 5, 'MANENDRA PRASAD SINGH', 4000, '2016-09-02 00:00:00', 'Credit', 'IB', '', NULL, NULL), (2, 6, 'AMARJEET KUMAR', 3500, '2016-09-02 00:00:00', 'Credit', 'NEFT', '1033808554 NEFTINW-004971119', NULL, NULL), (3, 8, 'DIVANG SHARMA', 11678, '2016-09-01 00:00:00', 'Credit', 'IB', '', NULL, NULL), (4, 9, 'DIVANG SHARMA', 3750, '2016-09-01 00:00:00', 'Credit', 'IB', '', NULL, NULL), (5, 13, 'DHIMAN CHAKRABORTY', 3200, '2016-08-31 00:00:00', 'Credit', 'NEFT', '1032230414 NEFTINW-0046792155', NULL, NULL), (6, 14, 'SUNDARALINGAM MURUGATHITH', 50000, '2016-08-31 00:00:00', 'Debit', 'CLG', '250', NULL, NULL), (7, 15, 'S KRISHNA MOORTHI', 3000, '2016-08-31 00:00:00', 'Credit', 'NEFT', '1031786468 NEFTINW-0046691849', NULL, NULL), (8, 16, 'VISHESH NIGAM', 3200, '2016-08-31 00:00:00', 'Credit', 'NEFT', 'CITIN681863291 NEFTINW-0046676804', NULL, NULL), (9, 18, 'RAGHUNANDAN H K', 3470, '2016-08-29 00:00:00', 'Credit', 'NEFT', 'N2421601571377 NEFTINW-0046528812', NULL, NULL), (10, 19, 'JAYAKRISHNAN A', 3710, '2016-08-29 00:00:00', 'Credit', 'NEFT', 'CITIN16680570890 NEFTINW-0046498770', NULL, NULL), (11, 33, 'MR JAYAPRAKASH H P C O CG', 5000, '2016-08-19 00:00:00', 'Credit', 'NEFT', 'SBIN616232761130 NEFTINW-0046087397', NULL, NULL), (12, 38, 'ASHUTOSH MOHANTY', 3100, '2016-08-16 00:00:00', 'Credit', 'NEFT', '1023581870 NEFTINW-0045853591', NULL, NULL), (13, 41, 'BIJUKUMAR', 3000, '2016-08-14 00:00:00', 'Credit', 'IMPS', '622715620355 IMPS-622715637734', NULL, NULL), (14, 44, 'S KRISHNA M', 3000, '2016-08-10 00:00:00', 'Credit', 'IMPS', '622319580518 IMPS-622319168490', NULL, NULL), (15, 45, 'VIVEK SHARMA', 3600, '2016-08-10 00:00:00', 'Credit', 'NEFT', '1021414712 NEFTINW-00699447', NULL, NULL), (16, 46, 'HARISH KUMAR', 7000, '2016-08-10 00:00:00', 'Debit', 'CLG', '249', NULL, NULL), (17, 47, 'ABHINAV NIGAM', 6560, '2016-08-10 00:00:00', 'Credit', 'MB', 'MB-999970704298', NULL, NULL), (18, 48, 'NITEEN UTTAM KOLE', 3200, '2016-08-10 00:00:00', 'Credit', 'NEFT', '1020897595 NEFTINW-0045632024', NULL, NULL), (19, 49, 'SHASHI PRAKASH KRISHNA', 4000, '2016-08-09 00:00:00', 'Credit', 'NEFT', '1020386156 NEFTINW-0045584316', NULL, NULL), (20, 50, 'SUMITH VARGHESE', 10000, '2016-08-09 00:00:00', 'Credit', 'NEFT', 'AXMB162228830545 NEFTINW-0045572445', NULL, NULL), (21, 52, 'DANIEL L', 16660, '2016-08-06 00:00:00', 'Debit', 'CLG', '247', NULL, NULL), (22, 54, 'GUARDIAN SOUHARDA SAHAKA', 24300, '2016-08-05 00:00:00', 'Debit', 'CLG', '246', NULL, NULL), (23, 55, 'GOPAKUMAR', 4000, '2016-08-05 00:00:00', 'Credit', 'IMPS', '621813079159 IMPS-621813540260', NULL, NULL), (24, 56, 'AKBAR HUSSAIN LASKAR', 18000, '2016-08-05 00:00:00', 'Debit', 'CASH', '248', NULL, NULL), (25, 57, 'MANOJ K NAIR', 3710, '2016-08-05 00:00:00', 'Credit', 'NEFT', 'CITIN16674423130 NEFTINW-0045374063', NULL, NULL), (26, 58, 'MAHESWAR MOHANTY', 3370, '2016-08-05 00:00:00', 'Credit', 'NEFT', 'CITIN16674414482 NEFTINW-0045374223', NULL, NULL), (27, 65, 'S KRISHNA M', 3000, '2016-08-02 00:00:00', 'Credit', 'IMPS', '621518927613 IMPS-621518211322', NULL, NULL), (28, 66, 'MANENDRA PRASAD SINGH', 4000, '2016-08-02 00:00:00', 'Credit', 'IB', '', NULL, NULL), (29, 67, 'JAYAKRISHNAN A', 5000, '2016-08-02 00:00:00', 'Credit', 'NEFT', 'CITIN163193850 NEFTINW-0045187845', NULL, NULL), (30, 68, 'AMARJEET KUMAR', 3500, '2016-08-02 00:00:00', 'Credit', 'NEFT', '1015182808 NEFTINW-0045193099', NULL, NULL), (31, 69, 'VISHESH NIGAM', 3200, '2016-08-02 00:00:00', 'Credit', 'NEFT', 'CITIN16673180822 NEFTINW-0045187664', NULL, NULL), (32, 72, 'MANAS KUMAR DASH', 3000, '2016-08-01 00:00:00', 'Credit', 'NEFT', 'N214160174065349 NEFTINW-0045125170', NULL, NULL), (33, 73, 'DIVANG SHARMA', 11678, '2016-08-01 00:00:00', 'Credit', 'IB', '', NULL, NULL), (34, 74, 'DIVANG SHARMA', 3750, '2016-08-01 00:00:00', 'Credit', 'IB', '', NULL, NULL), (35, 75, 'VINOD KUMAR A', 3440, '2016-08-01 00:00:00', 'Credit', 'NEFT', '000002174193 NEFTINW-0045101066', NULL, NULL), (36, 76, 'RAGHUNANDAN HK', 3470, '2016-08-01 00:00:00', 'Credit', 'NEFT', '000002172083 NEFTINW-0045095372', NULL, NULL), (37, 77, 'DHIMAN CHAKRABORTY', 3200, '2016-08-01 00:00:00', 'Credit', 'NEFT', '1014108518 NEFTINW-0045093266', NULL, NULL), (38, 3, 'MANAS KUMAR DASH', 4000, '2016-09-20 00:00:00', 'Credit', 'NEFT', 'N26416018896021 NEFTINW-004799029', NULL, NULL), (39, 4, 'RAGHUNANDAN H K', 3470, '2016-09-20 00:00:00', 'Credit', 'NEFT', 'N26160188825073 NEFTINW-00795896', NULL, NULL), (40, 7, 'SUNDARALING', 10000, '2016-09-18 00:00:00', 'Credit', 'IMPS', '626216115545 IMPS-62621681500', NULL, NULL), (41, 9, 'VIVEK SHARM', 3600, '2016-09-17 00:00:00', 'Credit', 'IMPS', '626123843281 IMPS-626123771624', NULL, NULL), (42, 14, 'ASHUTOSH MOHANTY', 3100, '2016-09-15 00:00:00', 'Credit', 'NEFT', '1042213668 NEFTINW-0047686546', NULL, NULL), (43, 18, 'SUMITH VARGHESE', 10000, '2016-09-12 00:00:00', 'Credit', 'NEFT', 'AXMB162565153344 NEFTINW-0047494071', NULL, NULL), (44, 19, 'NITEEN UTTAM KOLE', 3200, '2016-09-12 00:00:00', 'Credit', 'NEFT', '1039497734 NEFTINW-0047485785', NULL, NULL), (45, 22, 'ABHINAV NIGAM', 6560, '2016-09-09 00:00:00', 'Credit', 'MB', 'MB-999968474526', NULL, NULL), (46, 24, 'GOPAKUMAR', 4000, '2016-09-08 00:00:00', 'Credit', 'IMPS', '625219263699 IMPS-625219608216', NULL, NULL), (47, 25, 'GAUTAM KUMAR', 4000, '2016-09-08 00:00:00', 'Credit', 'IB', '', NULL, NULL), (48, 26, 'GOVULA MADHURI', 3500, '2016-09-08 00:00:00', 'Credit', 'NEFT', 'AXIR162524677704 NEFTINW-0047350942', NULL, NULL), (49, 27, 'GOVULA MADHURI', 3500, '2016-09-08 00:00:00', 'Credit', 'NEFT', 'AXIR162524677706 NEFTINW-0047350941', NULL, NULL), (50, 30, 'SHASHI PRAKASH KRISHNA', 3300, '2016-09-07 00:00:00', 'Credit', 'NEFT', '1037665353 NEFTINW-0047273693', NULL, NULL), (51, 31, 'VINOD KUMAR A', 3440, '2016-09-06 00:00:00', 'Credit', 'NEFT', 'N250160184739164 NEFTINW-0047156117', NULL, NULL), (52, 32, 'ALIM UDDIN', 18000, '2016-09-06 00:00:00', 'Debit', 'CASH', 'LASKAR0430 253', NULL, NULL), (53, 35, 'UMESH', 21600, '2016-09-05 00:00:00', 'Debit', 'CLG', '251', NULL, NULL), (54, 36, 'DANIEL L', 13940, '2016-09-05 00:00:00', 'Debit', 'CLG', '252', NULL, NULL), (55, 37, 'MANOJ K NAIR', 3710, '2016-09-05 00:00:00', 'Credit', 'NEFT', 'CITIN16684636921 NEFTINW-0047108611', NULL, NULL), (56, 43, 'MANENDRA PRASAD SINGH', 4000, '2016-09-02 00:00:00', 'Credit', 'IB', '', NULL, NULL), (57, 44, 'AMARJEET KUMAR', 3500, '2016-09-02 00:00:00', 'Credit', 'NEFT', '1033808554 NEFTINW-0046971119', NULL, NULL), (58, 46, 'DIVANG SHARMA', 11678, '2016-09-01 00:00:00', 'Credit', 'IB', '', NULL, NULL), (59, 2, 'VIVEK SHARMA', 17000, '2016-05-18 00:00:00', 'Credit', 'NEFT', '97100308 NEFTINW-004155369', NULL, NULL), (60, 4, 'PHANI KRISH', 3200, '2016-05-17 00:00:00', 'Credit', 'IMPS', '6138183058 IMPS-61381859559', NULL, NULL), (61, 5, 'GOVULA MADHURI', 4000, '2016-05-17 00:00:00', 'Credit', 'NEFT', 'AXIR16138317617 NEFTINW-0041444684', NULL, NULL), (62, 7, 'ASHUTOSH MOHANTY', 3100, '2016-05-16 00:00:00', 'Credit', 'NEFT', '969231944 NEFTINW-004139802', NULL, NULL), (63, 13, 'ABHINAV NIGAM', 6540, '2016-05-10 00:00:00', 'Credit', 'MB', 'MB-999976821552', NULL, NULL), (64, 14, 'SUMITH VARGHESE', 10000, '2016-05-10 00:00:00', 'Credit', 'NEFT', 'AXMB161312110739 NEFTINW-0041191977', NULL, NULL), (65, 19, 'SUNIL KUMAR', 3200, '2016-05-06 00:00:00', 'Credit', 'IMPS', '612721184449 IMPS-6127217502', NULL, NULL), (66, 20, 'AKBAR HUSSAIN LASKAR', 16000, '2016-05-06 00:00:00', 'Debit', 'CASH', '237', NULL, NULL), (67, 22, 'GAUTAM KUMAR', 4000, '2016-05-05 00:00:00', 'Credit', 'IB', '', NULL, NULL), (68, 23, 'VIVEK SHARMA', 3600, '2016-05-05 00:00:00', 'Credit', 'NEFT', '963770418 NEFTINW-0041028361', NULL, NULL), (69, 24, 'DANIEL L', 13260, '2016-05-05 00:00:00', 'Debit', 'CLG', '236', NULL, NULL), (70, 25, 'MAHESWAR MOHANTY', 3370, '2016-05-05 00:00:00', 'Credit', 'NEFT', 'CITIN16642807794 NEFTINW-0040985780', NULL, NULL), (71, 26, 'MANOJ K NAIR', 3710, '2016-05-05 00:00:00', 'Credit', 'NEFT', 'CITIN16642810747 NEFTINW-0040985527', NULL, NULL), (72, 27, 'UMESHA', 25480, '2016-05-04 00:00:00', 'Debit', 'CLG', '285', NULL, NULL), (73, 28, 'VINOD KUMAR A', 3440, '2016-05-04 00:00:00', 'Credit', 'NEFT', '000001847273 NEFTINW-0040945606', NULL, NULL), (74, 29, 'INSTA KIT NO', 3250, '2016-05-04 00:00:00', 'Credit', 'NEFT', 'AXMB161250839931 091317 NEFTINW-0040941267', NULL, NULL), (75, 30, 'GOPAKUMAR T', 3960, '2016-05-04 00:00:00', 'Credit', 'NEFT', 'CITIN16642410028 NEFTINW-0040934411', NULL, NULL), (76, 32, 'MANAS KUMAR DASH', 3000, '2016-05-02 00:00:00', 'Credit', 'NEFT', 'N123160149397158 NEFTINW-0040828505', NULL, NULL), (77, 33, 'AMARJEET KUMAR', 3500, '2016-05-02 00:00:00', 'Credit', 'NEFT', '960605291 NEFTINW-0040813556', NULL, NULL), (78, 34, 'NITEEN UTTAM KOLE', 3200, '2016-05-02 00:00:00', 'Credit', 'NEFT', '960154250 NEFTINW-0040809505', NULL, NULL), (79, 35, 'MANENDRA PRASAD SINGH', 4000, '2016-05-02 00:00:00', 'Credit', 'IB', '', NULL, NULL), (80, 40, 'DIVANG SHARMA', 11678, '2016-04-30 00:00:00', 'Credit', 'IB', '', NULL, NULL), (81, 41, 'DIVANG SHARMA', 3750, '2016-04-30 00:00:00', 'Credit', 'IB', '', NULL, NULL), (82, 44, 'ABHINAV NIGAM', 14000, '2016-04-28 00:00:00', 'Credit', 'IB', '', NULL, NULL), (83, 45, 'JAYAKRISHNAN A', 3710, '2016-04-28 00:00:00', 'Credit', 'NEFT', 'CITIN16639001495 NEFTINW-0040583858', NULL, NULL), (84, 48, 'RAGHUNANDAN HK', 3670, '2016-04-26 00:00:00', 'Credit', 'NEFT', '000001801855 NEFTINW-0040521758', NULL, NULL), (85, 50, 'PHANI KRISHNA NARAYANAM', 3200, '2016-04-25 00:00:00', 'Credit', 'NEFT', 'CITIN16637946869 NEFTINW-0040451164', NULL, NULL), (86, 51, 'BALAJI GANAPATHI', 14000, '2016-04-25 00:00:00', 'Credit', 'NEFT', 'CITIN16637702757 NEFTINW-0040422556', NULL, NULL), (87, 56, 'C SHIVA KUMAR', 30000, '2016-04-22 00:00:00', 'Debit', 'CASH', '284', NULL, NULL), (88, 57, 'SUNDARALINGAM MURUGATHITHAN', 4000, '2016-04-21 00:00:00', 'Credit', 'NEFT', 'N111160146750192 NEFTINW-0040328837', NULL, NULL), (89, 60, 'BIJUKUMAR', 3250, '2016-04-16 00:00:00', 'Credit', 'NEFT', 'AXMB161077406482 NEFTINW-0040195233', NULL, NULL), (90, 62, 'ASHUTOSH MOHANTY', 3100, '2016-04-15 00:00:00', 'Credit', 'NEFT', '951872330 NEFTINW-0040128566', NULL, NULL), (91, 64, 'IVIN SEBASTIAN', 3370, '2016-04-12 00:00:00', 'Credit', 'NEFT', 'AXIR1610366045 NEFTINW-0040052170', NULL, NULL), (92, 65, 'GOVULA MADHURI', 3800, '2016-04-12 00:00:00', 'Credit', 'NEFT', 'AXIR161026239612 NEFTINW-0040012987', NULL, NULL), (93, 68, 'SATHEESH S', 10150, '2016-04-11 00:00:00', 'Credit', 'NEFT', 'AXIR161026221669 NEFTINW-0039990281', NULL, NULL), (94, 70, 'GAUTAM KUMAR', 8000, '2016-04-08 00:00:00', 'Credit', 'IB', '', NULL, NULL), (95, 71, 'VIVEK SHARMA', 10800, '2016-04-08 00:00:00', 'Credit', 'NEFT', '948405689 NEFTINW-0039929014', NULL, NULL), (96, 73, 'UMESHA', 28560, '2016-04-06 00:00:00', 'Debit', 'CLG', '281', NULL, NULL), (97, 74, 'DANIEL L', 17680, '2016-04-06 00:00:00', 'Debit', 'CLG', '282', NULL, NULL), (98, 75, 'MANOJ K NAIR', 10000, '2016-04-06 00:00:00', 'Credit', 'NEFT', 'CITIN16633214253 NEFTINW-0039806134', NULL, NULL), (99, 76, 'JAYAKRISHNAN A', 10000, '2016-04-06 00:00:00', 'Credit', 'NEFT', 'CITIN16633107162 NEFTINW-0039795385', NULL, NULL), (100, 78, 'SUMITH VARGHESE', 10000, '2016-04-05 00:00:00', 'Credit', 'NEFT', 'AXMB160964910726 NEFTINW-00398686', NULL, NULL), (101, 79, 'VINOD KUMAR A', 3440, '2016-04-05 00:00:00', 'Credit', 'NEFT', '000001731914 NEFTINW-0039756580', NULL, NULL), (102, 80, 'AKBAR HUSSAIN LASKAR', 16000, '2016-04-05 00:00:00', 'Debit', 'CASH', '283', NULL, NULL), (103, 81, 'MANOJ K NAIR', 3710, '2016-04-05 00:00:00', 'Credit', 'NEFT', 'CITIN16632519290 NEFTINW-0039741744', NULL, NULL), (104, 82, 'MAHESWAR MOHANTY', 3370, '2016-04-05 00:00:00', 'Credit', 'NEFT', 'CITIN16632511367 NEFTINW-0039741498', NULL, NULL), (105, 85, 'ABHINAV NIGAM', 4402, '2016-04-04 00:00:00', 'Credit', 'MB', 'MB-999978623816', NULL, NULL), (106, 86, 'ABHINAV NIGAM', 3170, '2016-04-04 00:00:00', 'Credit', 'MB', 'MB-9999724145', NULL, NULL), (107, 87, 'ABHINAV NIGAM', 3370, '2016-04-04 00:00:00', 'Credit', 'MB', 'MB-999978624189', NULL, NULL), (108, 88, 'MANAS KUMAR DASH', 4000, '2016-04-04 00:00:00', 'Credit', 'NEFT', 'N094160142122801 NEFTINW-0039685499', NULL, NULL), (109, 89, 'GOPAKUMAR T', 3960, '2016-04-04 00:00:00', 'Credit', 'NEFT', 'CITIN16631937693 NEFTINW-0039681033', NULL, NULL), (110, 93, 'S KRISHNA M', 3000, '2016-04-02 00:00:00', 'Credit', 'IMPS', '6022749003 IMPS-6022584861', NULL, NULL), (111, 94, 'MANENDRA PRASAD SINGH', 4000, '2016-04-02 00:00:00', 'Credit', 'IB', '', NULL, NULL), (112, 95, 'AMARJEET KUMAR', 3500, '2016-04-02 00:00:00', 'Credit', 'NEFT', '943770802 NEFTINW-0039605984', NULL, NULL), (113, 96, 'DHIMAN CHAKRABORTY', 6660, '2016-04-02 00:00:00', 'Credit', 'NEFT', '943753113 JT1 NEFTINW-00305173', NULL, NULL), (114, 97, 'NITEEN UTTAM KOLE', 3200, '2016-04-02 00:00:00', 'Credit', 'NEFT', '943135985 NEFTINW-00395424', NULL, NULL), (115, 100, 'DIVANG SHARMA', 11678, '2016-04-01 00:00:00', 'Credit', 'IB', '', NULL, NULL), (116, 101, 'DIVANG SHARMA', 3750, '2016-04-01 00:00:00', 'Credit', 'IB', '', NULL, NULL), (117, 103, 'VISHESH NIGAM', 15000, '2016-03-31 00:00:00', 'Credit', 'NEFT', 'CITIN16630612411 NEFTINW-0039528941', NULL, NULL), (118, 105, 'SCHINDLER INDIA PVTLTD', 50129, '2016-03-30 00:00:00', 'Debit', NULL, '279', NULL, NULL), (119, 108, 'GAUTAM KUMAR', 780, '2016-03-29 00:00:00', 'Credit', 'IB', '', NULL, NULL), (120, 109, 'GAUTAM KUMAR', 20000, '2016-03-29 00:00:00', 'Credit', 'IB', '', NULL, NULL), (121, 112, 'JAYAKRISHNAN A', 3710, '2016-03-28 00:00:00', 'Credit', 'NEFT', 'CITIN16628105325 NEFTINW-0039248224', NULL, NULL), (122, 118, 'RAGHUNANDAN HK', 3670, '2016-03-23 00:00:00', 'Credit', 'NEFT', '000001656733 NEFTINW-0039179031', NULL, NULL), (123, 120, 'S KRISHNA M', 2000, '2016-03-21 00:00:00', 'Credit', 'IMPS', '608121281988 IMPS-608121649936', NULL, NULL), (124, 121, 'PHANI KRISHNA NARAYANAM', 6500, '2016-03-21 00:00:00', 'Credit', 'NEFT', 'CITIN16626746586 NEFTINW-0039105962', NULL, NULL), (125, 127, 'NITEEN UTTA', 14090, '2016-03-16 00:00:00', 'Credit', 'IMPS', '607621968015 IMPS-607621210307', NULL, NULL), (126, 128, 'MAHESWAR M', 383, '2016-03-14 00:00:00', 'Credit', 'IMPS', '607422546035 IMPS-607422009167', NULL, NULL), (127, 130, 'MANOJ K NAI', 8000, '2016-03-11 00:00:00', 'Credit', 'IMPS', '607111471520 IMPS-607111640033', NULL, NULL), (128, 131, 'VINOD KUMAR A', 3440, '2016-03-11 00:00:00', 'Credit', 'NEFT', '000001624230 NEFTINW-0038737596', NULL, NULL), (129, 134, 'SATHEESH S', 10150, '2016-03-10 00:00:00', 'Credit', 'NEFT', 'AXIR160700012032 NEFTINW-0038685554', NULL, NULL), (130, 136, 'BIJUKUMAR', 6000, '2016-03-09 00:00:00', 'Credit', 'NEFT', 'AXMB160699847204 NEFTINW-0038660987', NULL, NULL), (131, 137, 'NRE REM JYOTHI M', 17000, '2016-03-09 00:00:00', 'Credit', 'NEFT', '931152692 NEFTINW-0038639886', NULL, NULL), (132, 138, 'BIJUKUMAR', 3000, '2016-03-09 00:00:00', 'Credit', 'NEFT', 'AXMB160699723073 NEFTINW-0038630881', NULL, NULL), (133, 145, 'DANIEL L', 18097.2, '2016-11-26 00:00:00', 'Debit', 'CLG', '278', NULL, NULL), (134, 146, 'MANOJ K NAIR', 3710, '2016-03-05 00:00:00', 'Credit', 'NEFT', 'CITIN16622018286 NEFTINW-0038491307', NULL, NULL), (135, 147, 'MAHESWAR MOHANTY', 3370, '2016-03-05 00:00:00', 'Credit', 'NEFT', 'CITIN16622008961 NEFTINW-0038491280', NULL, NULL), (136, 150, 'ABHINAV NIGAM', 3170, '2016-03-04 00:00:00', 'Credit', 'MB', 'MB-999980028181', NULL, NULL), (137, 151, 'ABHINAV NIGAM', 3370, '2016-03-04 00:00:00', 'Credit', 'MB', 'MB-999980028217', NULL, NULL), (138, 152, 'IVIN SEBASTIAN', 6110, '2016-03-04 00:00:00', 'Credit', 'NEFT', 'AXIR160648954149 NEFTINW-0038465061', NULL, NULL), (139, 153, 'SELF', 16000, '2016-03-04 00:00:00', 'Debit', 'CASH', '277', NULL, NULL), (140, 154, 'UMESHA', 25760, '2016-03-04 00:00:00', 'Debit', 'CLG', '276', NULL, NULL), (141, 155, 'JAYAKRISHNAN A', 3710, '2016-03-04 00:00:00', 'Credit', 'NEFT', 'CITIN16621656898 NEFTINW-0038441881', NULL, NULL), (142, 157, 'MANAS KUMAR DASH', 5000, '2016-03-02 00:00:00', 'Credit', 'NEFT', 'N062160133871431 NEFTINW-0038367497', NULL, NULL), (143, 158, 'SHRUTI NIGAM', 20208, '2016-03-02 00:00:00', 'Debit', 'CLG', '275', NULL, NULL), (144, 159, 'AMARJEET KUMAR', 3500, '2016-03-02 00:00:00', 'Credit', 'NEFT', '926343380 NEFTINW-0038335609', NULL, NULL), (145, 160, 'MANENDRA PRASAD SINGH', 4000, '2016-03-02 00:00:00', 'Credit', 'IB', '', NULL, NULL), (146, 162, 'S KRISHNA M', 4000, '2016-03-01 00:00:00', 'Credit', 'IMPS', '606118405532 IMPS-606118809837', NULL, NULL), (147, 163, 'DIVANG SHARMA', 11678, '2016-03-01 00:00:00', 'Credit', 'IB', '', NULL, NULL), (148, 164, 'DIVANG SHARMA', 3750, '2016-03-01 00:00:00', 'Credit', 'IB', '', NULL, NULL), (149, 165, 'GOPAKUMAR', 3960, '2016-03-01 00:00:00', 'Credit', 'IMPS', '606115109186 IMPS-606115787464', NULL, NULL), (150, 166, 'GOVULA MADHURI', 3500, '2016-03-01 00:00:00', 'Credit', 'NEFT', 'AXIR160618009199 NEFTINW-0038286928', NULL, NULL), (151, 167, 'NITEEN UTTAM KOLE', 3200, '2016-03-01 00:00:00', 'Credit', 'NEFT', '925315253 NEFTINW-0038254352', NULL, NULL), (152, 2, 'VIVEK SHARMA', 17000, '2016-05-18 00:00:00', 'Credit', 'NEFT', '97100308 NEFTINW-004155369', NULL, NULL), (153, 4, 'PHANI KRISH', 3200, '2016-05-17 00:00:00', 'Credit', 'IMPS', '6138183058 IMPS-61381859559', NULL, NULL), (154, 5, 'GOVULA MADHURI', 4000, '2016-05-17 00:00:00', 'Credit', 'NEFT', 'AXIR16138317617 NEFTINW-0041444684', NULL, NULL), (155, 7, 'ASHUTOSH MOHANTY', 3100, '2016-05-16 00:00:00', 'Credit', 'NEFT', '969231944 NEFTINW-004139802', NULL, NULL), (156, 13, 'ABHINAV NIGAM', 6540, '2016-05-10 00:00:00', 'Credit', 'MB', 'MB-999976821552', NULL, NULL), (157, 14, 'SUMITH VARGHESE', 10000, '2016-05-10 00:00:00', 'Credit', 'NEFT', 'AXMB161312110739 NEFTINW-0041191977', NULL, NULL), (158, 19, 'SUNIL KUMAR', 3200, '2016-05-06 00:00:00', 'Credit', 'IMPS', '612721184449 IMPS-6127217502', NULL, NULL), (159, 20, 'AKBAR HUSSAIN LASKAR', 16000, '2016-05-06 00:00:00', 'Debit', 'CASH', '237', NULL, NULL), (160, 22, 'GAUTAM KUMAR', 4000, '2016-05-05 00:00:00', 'Credit', 'IB', '', NULL, NULL), (161, 23, 'VIVEK SHARMA', 3600, '2016-05-05 00:00:00', 'Credit', 'NEFT', '963770418 NEFTINW-0041028361', NULL, NULL), (162, 24, 'DANIEL L', 13260, '2016-05-05 00:00:00', 'Debit', 'CLG', '236', NULL, NULL), (163, 25, 'MAHESWAR MOHANTY', 3370, '2016-05-05 00:00:00', 'Credit', 'NEFT', 'CITIN16642807794 NEFTINW-0040985780', NULL, NULL), (164, 26, 'MANOJ K NAIR', 3710, '2016-05-05 00:00:00', 'Credit', 'NEFT', 'CITIN16642810747 NEFTINW-0040985527', NULL, NULL), (165, 27, 'UMESHA', 25480, '2016-05-04 00:00:00', 'Debit', 'CLG', '285', NULL, NULL), (166, 28, 'VINOD KUMAR A', 3440, '2016-05-04 00:00:00', 'Credit', 'NEFT', '000001847273 NEFTINW-0040945606', NULL, NULL), (167, 29, 'INSTA KIT NO', 3250, '2016-05-04 00:00:00', 'Credit', 'NEFT', 'AXMB161250839931 091317 NEFTINW-0040941267', NULL, NULL), (168, 30, 'GOPAKUMAR T', 3960, '2016-05-04 00:00:00', 'Credit', 'NEFT', 'CITIN16642410028 NEFTINW-0040934411', NULL, NULL), (169, 32, 'MANAS KUMAR DASH', 3000, '2016-05-02 00:00:00', 'Credit', 'NEFT', 'N123160149397158 NEFTINW-0040828505', NULL, NULL), (170, 33, 'AMARJEET KUMAR', 3500, '2016-05-02 00:00:00', 'Credit', 'NEFT', '960605291 NEFTINW-0040813556', NULL, NULL), (171, 34, 'NITEEN UTTAM KOLE', 3200, '2016-05-02 00:00:00', 'Credit', 'NEFT', '960154250 NEFTINW-0040809505', NULL, NULL), (172, 35, 'MANENDRA PRASAD SINGH', 4000, '2016-05-02 00:00:00', 'Credit', 'IB', '', NULL, NULL), (173, 40, 'DIVANG SHARMA', 11678, '2016-04-30 00:00:00', 'Credit', 'IB', '', NULL, NULL), (174, 41, 'DIVANG SHARMA', 3750, '2016-04-30 00:00:00', 'Credit', 'IB', '', NULL, NULL), (175, 44, 'ABHINAV NIGAM', 14000, '2016-04-28 00:00:00', 'Credit', 'IB', '', NULL, NULL), (176, 45, 'JAYAKRISHNAN A', 3710, '2016-04-28 00:00:00', 'Credit', 'NEFT', 'CITIN16639001495 NEFTINW-0040583858', NULL, NULL), (177, 48, 'RAGHUNANDAN HK', 3670, '2016-04-26 00:00:00', 'Credit', 'NEFT', '000001801855 NEFTINW-0040521758', NULL, NULL), (178, 50, 'PHANI KRISHNA NARAYANAM', 3200, '2016-04-25 00:00:00', 'Credit', 'NEFT', 'CITIN16637946869 NEFTINW-0040451164', NULL, NULL), (179, 51, 'BALAJI GANAPATHI', 14000, '2016-04-25 00:00:00', 'Credit', 'NEFT', 'CITIN16637702757 NEFTINW-0040422556', NULL, NULL), (180, 56, 'C SHIVA KUMAR', 30000, '2016-04-22 00:00:00', 'Debit', 'CASH', '284', NULL, NULL), (181, 57, 'SUNDARALINGAM MURUGATHITHAN', 4000, '2016-04-21 00:00:00', 'Credit', 'NEFT', 'N111160146750192 NEFTINW-0040328837', NULL, NULL), (182, 60, 'BIJUKUMAR', 3250, '2016-04-16 00:00:00', 'Credit', 'NEFT', 'AXMB161077406482 NEFTINW-0040195233', NULL, NULL), (183, 62, 'ASHUTOSH MOHANTY', 3100, '2016-04-15 00:00:00', 'Credit', 'NEFT', '951872330 NEFTINW-0040128566', NULL, NULL), (184, 64, 'IVIN SEBASTIAN', 3370, '2016-04-12 00:00:00', 'Credit', 'NEFT', 'AXIR1610366045 NEFTINW-0040052170', NULL, NULL), (185, 65, 'GOVULA MADHURI', 3800, '2016-04-12 00:00:00', 'Credit', 'NEFT', 'AXIR161026239612 NEFTINW-0040012987', NULL, NULL), (186, 68, 'SATHEESH S', 10150, '2016-04-11 00:00:00', 'Credit', 'NEFT', 'AXIR161026221669 NEFTINW-0039990281', NULL, NULL), (187, 70, 'GAUTAM KUMAR', 8000, '2016-04-08 00:00:00', 'Credit', 'IB', '', NULL, NULL), (188, 71, 'VIVEK SHARMA', 10800, '2016-04-08 00:00:00', 'Credit', 'NEFT', '948405689 NEFTINW-0039929014', NULL, NULL), (189, 73, 'UMESHA', 28560, '2016-04-06 00:00:00', 'Debit', 'CLG', '281', NULL, NULL), (190, 74, 'DANIEL L', 17680, '2016-04-06 00:00:00', 'Debit', 'CLG', '282', NULL, NULL), (191, 75, 'MANOJ K NAIR', 10000, '2016-04-06 00:00:00', 'Credit', 'NEFT', 'CITIN16633214253 NEFTINW-0039806134', NULL, NULL), (192, 76, 'JAYAKRISHNAN A', 10000, '2016-04-06 00:00:00', 'Credit', 'NEFT', 'CITIN16633107162 NEFTINW-0039795385', NULL, NULL), (193, 78, 'SUMITH VARGHESE', 10000, '2016-04-05 00:00:00', 'Credit', 'NEFT', 'AXMB160964910726 NEFTINW-00398686', NULL, NULL), (194, 79, 'VINOD KUMAR A', 3440, '2016-04-05 00:00:00', 'Credit', 'NEFT', '000001731914 NEFTINW-0039756580', NULL, NULL), (195, 80, 'AKBAR HUSSAIN LASKAR', 16000, '2016-04-05 00:00:00', 'Debit', 'CASH', '283', NULL, NULL), (196, 81, 'MANOJ K NAIR', 3710, '2016-04-05 00:00:00', 'Credit', 'NEFT', 'CITIN16632519290 NEFTINW-0039741744', NULL, NULL), (197, 82, 'MAHESWAR MOHANTY', 3370, '2016-04-05 00:00:00', 'Credit', 'NEFT', 'CITIN16632511367 NEFTINW-0039741498', NULL, NULL), (198, 85, 'ABHINAV NIGAM', 4402, '2016-04-04 00:00:00', 'Credit', 'MB', 'MB-999978623816', NULL, NULL), (199, 86, 'ABHINAV NIGAM', 3170, '2016-04-04 00:00:00', 'Credit', 'MB', 'MB-9999724145', NULL, NULL), (200, 87, 'ABHINAV NIGAM', 3370, '2016-04-04 00:00:00', 'Credit', 'MB', 'MB-999978624189', NULL, NULL), (201, 88, 'MANAS KUMAR DASH', 4000, '2016-04-04 00:00:00', 'Credit', 'NEFT', 'N094160142122801 NEFTINW-0039685499', NULL, NULL), (202, 89, 'GOPAKUMAR T', 3960, '2016-04-04 00:00:00', 'Credit', 'NEFT', 'CITIN16631937693 NEFTINW-0039681033', NULL, NULL), (203, 93, 'S KRISHNA M', 3000, '2016-04-02 00:00:00', 'Credit', 'IMPS', '6022749003 IMPS-6022584861', NULL, NULL), (204, 94, 'MANENDRA PRASAD SINGH', 4000, '2016-04-02 00:00:00', 'Credit', 'IB', '', NULL, NULL), (205, 95, 'AMARJEET KUMAR', 3500, '2016-04-02 00:00:00', 'Credit', 'NEFT', '943770802 NEFTINW-0039605984', NULL, NULL), (206, 96, 'DHIMAN CHAKRABORTY', 6660, '2016-04-02 00:00:00', 'Credit', 'NEFT', '943753113 JT1 NEFTINW-00305173', NULL, NULL), (207, 97, 'NITEEN UTTAM KOLE', 3200, '2016-04-02 00:00:00', 'Credit', 'NEFT', '943135985 NEFTINW-00395424', NULL, NULL), (208, 100, 'DIVANG SHARMA', 11678, '2016-04-01 00:00:00', 'Credit', 'IB', '', NULL, NULL), (209, 101, 'DIVANG SHARMA', 3750, '2016-04-01 00:00:00', 'Credit', 'IB', '', NULL, NULL), (210, 103, 'VISHESH NIGAM', 15000, '2016-03-31 00:00:00', 'Credit', 'NEFT', 'CITIN16630612411 NEFTINW-0039528941', NULL, NULL), (211, 105, 'SCHINDLER INDIA PVTLTD', 50129, '2016-03-30 00:00:00', 'Debit', NULL, '279', NULL, NULL), (212, 108, 'GAUTAM KUMAR', 780, '2016-03-29 00:00:00', 'Credit', 'IB', '', NULL, NULL), (213, 109, 'GAUTAM KUMAR', 20000, '2016-03-29 00:00:00', 'Credit', 'IB', '', NULL, NULL), (214, 112, 'JAYAKRISHNAN A', 3710, '2016-03-28 00:00:00', 'Credit', 'NEFT', 'CITIN16628105325 NEFTINW-0039248224', NULL, NULL), (215, 118, 'RAGHUNANDAN HK', 3670, '2016-03-23 00:00:00', 'Credit', 'NEFT', '000001656733 NEFTINW-0039179031', NULL, NULL), (216, 120, 'S KRISHNA M', 2000, '2016-03-21 00:00:00', 'Credit', 'IMPS', '608121281988 IMPS-608121649936', NULL, NULL), (217, 121, 'PHANI KRISHNA NARAYANAM', 6500, '2016-03-21 00:00:00', 'Credit', 'NEFT', 'CITIN16626746586 NEFTINW-0039105962', NULL, NULL), (218, 127, 'NITEEN UTTA', 14090, '2016-03-16 00:00:00', 'Credit', 'IMPS', '607621968015 IMPS-607621210307', NULL, NULL), (219, 128, 'MAHESWAR M', 383, '2016-03-14 00:00:00', 'Credit', 'IMPS', '607422546035 IMPS-607422009167', NULL, NULL), (220, 130, 'MANOJ K NAI', 8000, '2016-03-11 00:00:00', 'Credit', 'IMPS', '607111471520 IMPS-607111640033', NULL, NULL), (221, 131, 'VINOD KUMAR A', 3440, '2016-03-11 00:00:00', 'Credit', 'NEFT', '000001624230 NEFTINW-0038737596', NULL, NULL), (222, 134, 'SATHEESH S', 10150, '2016-03-10 00:00:00', 'Credit', 'NEFT', 'AXIR160700012032 NEFTINW-0038685554', NULL, NULL), (223, 136, 'BIJUKUMAR', 6000, '2016-03-09 00:00:00', 'Credit', 'NEFT', 'AXMB160699847204 NEFTINW-0038660987', NULL, NULL), (224, 137, 'NRE REM JYOTHI M', 17000, '2016-03-09 00:00:00', 'Credit', 'NEFT', '931152692 NEFTINW-0038639886', NULL, NULL), (225, 138, 'BIJUKUMAR', 3000, '2016-03-09 00:00:00', 'Credit', 'NEFT', 'AXMB160699723073 NEFTINW-0038630881', NULL, NULL), (226, 145, 'DANIEL L', 18097.2, '2016-11-26 00:00:00', 'Debit', 'CLG', '278', NULL, NULL), (227, 146, 'MANOJ K NAIR', 3710, '2016-03-05 00:00:00', 'Credit', 'NEFT', 'CITIN16622018286 NEFTINW-0038491307', NULL, NULL), (228, 147, 'MAHESWAR MOHANTY', 3370, '2016-03-05 00:00:00', 'Credit', 'NEFT', 'CITIN16622008961 NEFTINW-0038491280', NULL, NULL), (229, 150, 'ABHINAV NIGAM', 3170, '2016-03-04 00:00:00', 'Credit', 'MB', 'MB-999980028181', NULL, NULL), (230, 151, 'ABHINAV NIGAM', 3370, '2016-03-04 00:00:00', 'Credit', 'MB', 'MB-999980028217', NULL, NULL), (231, 152, 'IVIN SEBASTIAN', 6110, '2016-03-04 00:00:00', 'Credit', 'NEFT', 'AXIR160648954149 NEFTINW-0038465061', NULL, NULL), (232, 153, 'SELF', 16000, '2016-03-04 00:00:00', 'Debit', 'CASH', '277', NULL, NULL), (233, 154, 'UMESHA', 25760, '2016-03-04 00:00:00', 'Debit', 'CLG', '276', NULL, NULL), (234, 155, 'JAYAKRISHNAN A', 3710, '2016-03-04 00:00:00', 'Credit', 'NEFT', 'CITIN16621656898 NEFTINW-0038441881', NULL, NULL), (235, 157, 'MANAS KUMAR DASH', 5000, '2016-03-02 00:00:00', 'Credit', 'NEFT', 'N062160133871431 NEFTINW-0038367497', NULL, NULL), (236, 158, 'SHRUTI NIGAM', 20208, '2016-03-02 00:00:00', 'Debit', 'CLG', '275', NULL, NULL), (237, 159, 'AMARJEET KUMAR', 3500, '2016-03-02 00:00:00', 'Credit', 'NEFT', '926343380 NEFTINW-0038335609', NULL, NULL), (238, 160, 'MANENDRA PRASAD SINGH', 4000, '2016-03-02 00:00:00', 'Credit', 'IB', '', NULL, NULL), (239, 162, 'S KRISHNA M', 4000, '2016-03-01 00:00:00', 'Credit', 'IMPS', '606118405532 IMPS-606118809837', NULL, NULL), (240, 163, 'DIVANG SHARMA', 11678, '2016-03-01 00:00:00', 'Credit', 'IB', '', NULL, NULL), (241, 164, 'DIVANG SHARMA', 3750, '2016-03-01 00:00:00', 'Credit', 'IB', '', NULL, NULL), (242, 165, 'GOPAKUMAR', 3960, '2016-03-01 00:00:00', 'Credit', 'IMPS', '606115109186 IMPS-606115787464', NULL, NULL), (243, 166, 'GOVULA MADHURI', 3500, '2016-03-01 00:00:00', 'Credit', 'NEFT', 'AXIR160618009199 NEFTINW-0038286928', NULL, NULL), (244, 167, 'NITEEN UTTAM KOLE', 3200, '2016-03-01 00:00:00', 'Credit', 'NEFT', '925315253 NEFTINW-0038254352', NULL, NULL), (245, 5, 'DANIEL L', 15980, '2016-11-05 00:00:00', 'Debit', 'CLG', '27', NULL, NULL), (246, 6, 'GOPAKUMAR', 4000, '2016-11-05 00:00:00', 'Credit', 'IMPS', '3101131809 IMPS-3101181738', NULL, NULL), (247, 7, 'MANOJ K NAIR', 3710, '2016-11-05 00:00:00', 'Credit', 'NEFT', 'CITIN1606654521 NEFTINW-005096833', NULL, NULL), (248, 8, 'PHANI KRISHNA NARAYANAM', 3200, '2016-11-04 00:00:00', 'Credit', 'NEFT', 'CITIN16706434669 NEFTINW-0050946254', NULL, NULL), (249, 9, 'VINOD KUMAR A', 3440, '2016-11-04 00:00:00', 'Credit', 'NEFT', 'N30160203228013 NEFTINW-005026201', NULL, NULL), (250, 10, 'GUARDIAN SOUHARDA SAHAKA', 23100, '2016-11-04 00:00:00', 'Debit', 'CLG', '258', NULL, NULL), (251, 13, 'ABHINAV NIGAM', 13080, '2016-11-03 00:00:00', 'Credit', 'MB', 'MB-999963937489', NULL, NULL), (252, 14, 'ADITYA BHAMIDI', 3750, '2016-11-03 00:00:00', 'Credit', 'NEFT', 'N3081602029346 NEFTINW-00508810', NULL, NULL), (253, 15, 'IVIN SEBASTIAN', 10000, '2016-11-03 00:00:00', 'Credit', 'NEFT', 'AXIR163086594824 NEFTINW-0050867969', NULL, NULL), (254, 18, 'DIVANG SHARMA', 3750, '2016-11-02 00:00:00', 'Credit', 'IB', '', NULL, NULL), (255, 19, 'MANAS KUMAR DASH', 3200, '2016-11-02 00:00:00', 'Credit', 'NEFT', 'N307160202331660 NEFTINW-0050786163', NULL, NULL), (256, 20, 'AMARJEET KUMAR', 3500, '2016-11-02 00:00:00', 'Credit', 'NEFT', '1071686558 NEFTINW-0050763147', NULL, NULL), (257, 21, 'MANENDRA PRASAD SINGH', 4000, '2016-11-02 00:00:00', 'Credit', 'IB', '', NULL, NULL), (258, 25, 'JAYAKRISHNAN A', 3710, '2016-10-28 00:00:00', 'Credit', 'NEFT', 'CITIN16703010102 NEFTINW-0050390455', NULL, NULL), (259, 32, 'RAGHUNANDAN H K', 3470, '2016-10-24 00:00:00', 'Credit', 'NEFT', 'N298160199150337 NEFTINW-0050108227', NULL, NULL), (260, 33, 'MR JAYAPRAKASH H P C O CG', 4000, '2016-10-24 00:00:00', 'Credit', 'NEFT', 'SBIN116297403772 NEFTINW-0050014695', NULL, NULL), (261, 37, 'S KRISHNA MOORTHI', 3000, '2016-10-21 00:00:00', 'Credit', 'NEFT', '1064714649 NEFTINW-0049990359', NULL, NULL), (262, 39, 'MANAS KUMAR DASH', 3000, '2016-10-20 00:00:00', 'Credit', 'NEFT', 'N294160198193664 NEFTINW-0049890832', NULL, NULL), (263, 40, 'SHASHI PRAKASH KRISHNA', 5000, '2016-10-17 00:00:00', 'Credit', 'NEFT', '1061966011 NEFTINW-0049670690', NULL, NULL), (264, 42, 'ASHUTOSH MOHANTY', 3100, '2016-10-15 00:00:00', 'Credit', 'NEFT', '1060964873 NEFTINW-0049606462', NULL, NULL), (265, 43, 'BIJUKUMAR M', 3000, '2016-10-15 00:00:00', 'Credit', 'IMPS', '628907018531 IMPS-628907127559', NULL, NULL), (266, 44, 'NITEEN UTTAM KOLE', 3200, '2016-10-10 00:00:00', 'Credit', 'NEFT', '1057996367 NEFTINW-0049311266', NULL, NULL), (267, 49, 'ALIM UDDIN LASKAR', 18000, '2016-10-07 00:00:00', 'Debit', 'CASH', '256', NULL, NULL), (268, 50, 'MANOJ K NAIR', 3710, '2016-10-07 00:00:00', 'Credit', 'NEFT', 'CITIN16696238932 NEFTINW-0049176567', NULL, NULL), (269, 51, 'NRE REM JYOTHI M', 25954, '2016-10-07 00:00:00', 'Credit', 'NEFT', '1056327478 NEFTINW-0049182627', NULL, NULL), (270, 54, 'GAUTAM KUMAR', 4000, '2016-10-06 00:00:00', 'Credit', 'IB', '', NULL, NULL), (271, 55, 'GUARDIAN SOUHARDA SAHAKA', 19500, '2016-10-06 00:00:00', 'Debit', 'CLG', '2', NULL, NULL), (272, 56, 'DANIEL L', 14960, '2016-10-06 00:00:00', 'Debit', 'CLG', '254', NULL, NULL), (273, 60, 'DIVANG SHARMA', 3750, '2016-10-04 00:00:00', 'Credit', 'IB', '', NULL, NULL), (274, 61, 'GOPAKUMAR T', 4000, '2016-10-04 00:00:00', 'Credit', 'NEFT', 'CITIN16694850574 NEFTINW-0048915866', NULL, NULL), (275, 63, 'VINOD KUMAR A', 3440, '2016-10-03 00:00:00', 'Credit', 'NEFT', 'N277160192656710 NEFTINW-0048828741', NULL, NULL), (276, 64, 'VISHESH NIGAM', 3200, '2016-10-03 00:00:00', 'Credit', 'NEFT', 'CITIN16694212776 NEFTINW-0048817411', NULL, NULL), (277, 65, 'AMARJEET KUMAR', 3500, '2016-10-03 00:00:00', 'Credit', 'NEFT', '1052133974 NEFTINW-0048814695', NULL, NULL), (278, 67, 'MANENDRA PRASAD SINGH', 4000, '2016-10-02 00:00:00', 'Credit', 'IB', '', NULL, NULL), (279, 3, 'MANAS KUMAR DASH', 4000, '2016-09-20 00:00:00', 'Credit', 'NEFT', 'N26416018896021 NEFTINW-004799029', NULL, NULL), (280, 4, 'RAGHUNANDAN H K', 3470, '2016-09-20 00:00:00', 'Credit', 'NEFT', 'N26160188825073 NEFTINW-00795896', NULL, NULL), (281, 7, 'SUNDARALING', 10000, '2016-09-18 00:00:00', 'Credit', 'IMPS', '626216115545 IMPS-62621681500', NULL, NULL), (282, 9, 'VIVEK SHARM', 3600, '2016-09-17 00:00:00', 'Credit', 'IMPS', '626123843281 IMPS-626123771624', NULL, NULL), (283, 14, 'ASHUTOSH MOHANTY', 3100, '2016-09-15 00:00:00', 'Credit', 'NEFT', '1042213668 NEFTINW-0047686546', NULL, NULL), (284, 18, 'SUMITH VARGHESE', 10000, '2016-09-12 00:00:00', 'Credit', 'NEFT', 'AXMB162565153344 NEFTINW-0047494071', NULL, NULL), (285, 19, 'NITEEN UTTAM KOLE', 3200, '2016-09-12 00:00:00', 'Credit', 'NEFT', '1039497734 NEFTINW-0047485785', NULL, NULL), (286, 22, 'ABHINAV NIGAM', 6560, '2016-09-09 00:00:00', 'Credit', 'MB', 'MB-999968474526', NULL, NULL), (287, 24, 'GOPAKUMAR', 4000, '2016-09-08 00:00:00', 'Credit', 'IMPS', '625219263699 IMPS-625219608216', NULL, NULL), (288, 25, 'GAUTAM KUMAR', 4000, '2016-09-08 00:00:00', 'Credit', 'IB', '', NULL, NULL), (289, 26, 'GOVULA MADHURI', 3500, '2016-09-08 00:00:00', 'Credit', 'NEFT', 'AXIR162524677704 NEFTINW-0047350942', NULL, NULL), (290, 27, 'GOVULA MADHURI', 3500, '2016-09-08 00:00:00', 'Credit', 'NEFT', 'AXIR162524677706 NEFTINW-0047350941', NULL, NULL), (291, 30, 'SHASHI PRAKASH KRISHNA', 3300, '2016-09-07 00:00:00', 'Credit', 'NEFT', '1037665353 NEFTINW-0047273693', NULL, NULL), (292, 31, 'VINOD KUMAR A', 3440, '2016-09-06 00:00:00', 'Credit', 'NEFT', 'N250160184739164 NEFTINW-0047156117', NULL, NULL), (293, 32, 'ALIM UDDIN', 18000, '2016-09-06 00:00:00', 'Debit', 'CASH', 'LASKAR0430 253', NULL, NULL), (294, 35, 'UMESH', 21600, '2016-09-05 00:00:00', 'Debit', 'CLG', '251', NULL, NULL), (295, 36, 'DANIEL L', 13940, '2016-09-05 00:00:00', 'Debit', 'CLG', '252', NULL, NULL), (296, 37, 'MANOJ K NAIR', 3710, '2016-09-05 00:00:00', 'Credit', 'NEFT', 'CITIN16684636921 NEFTINW-0047108611', NULL, NULL), (297, 43, 'MANENDRA PRASAD SINGH', 4000, '2016-09-02 00:00:00', 'Credit', 'IB', '', NULL, NULL), (298, 44, 'AMARJEET KUMAR', 3500, '2016-09-02 00:00:00', 'Credit', 'NEFT', '1033808554 NEFTINW-0046971119', NULL, NULL), (299, 46, 'DIVANG SHARMA', 11678, '2016-09-01 00:00:00', 'Credit', 'IB', '', NULL, NULL);
/*!40000 ALTER TABLE `Transactions_Staging_Data` ENABLE KEYS */;


# Dumping structure for table sql6134070.Transactions_Verified
CREATE TABLE IF NOT EXISTS `Transactions_Verified` (
  `Transaction_ID` int(10) NOT NULL AUTO_INCREMENT,
  `Amount` float NOT NULL,
  `Transaction_Date` datetime NOT NULL,
  `Transaction_Flow` varchar(20) NOT NULL,
  `Transaction_Mode` varchar(20) NOT NULL,
  `Transaction_Reference` varchar(70) DEFAULT NULL,
  `User_Id` varchar(20) NOT NULL,
  `Flat_Id` varchar(20) NOT NULL,
  `Verified_By` varchar(20) NOT NULL,
  `Splitted` tinyint(1) NOT NULL DEFAULT '0',
  PRIMARY KEY (`Transaction_ID`),
  UNIQUE KEY `Amount_Transaction_Date_Transaction_Reference` (`Amount`,`Transaction_Date`,`Transaction_Reference`)
) ENGINE=InnoDB DEFAULT CHARSET=latin1;

# Dumping data for table sql6134070.Transactions_Verified: 32 rows
/*!40000 ALTER TABLE `Transactions_Verified` DISABLE KEYS */;
INSERT IGNORE INTO `Transactions_Verified` (`Transaction_ID`, `Amount`, `Transaction_Date`, `Transaction_Flow`, `Transaction_Mode`, `Transaction_Reference`, `User_Id`, `Flat_Id`, `Verified_By`, `Splitted`) VALUES (1, 4000, '2016-09-02 00:00:00', 'Credit', 'IB', '', 'Manendra', 'Flat_105', '', 0), (2, 3500, '2016-09-02 00:00:00', 'Credit', 'NEFT', '1033808554 NEFTINW-004971119', 'Amarjeet', 'Flat_307', '', 0), (3, 11678, '2016-09-01 00:00:00', 'Credit', 'IB', '', 'divang', 'Flat_309', '', 0), (4, 3750, '2016-09-01 00:00:00', 'Credit', 'IB', '', 'divang', 'Flat_309', '', 0), (5, 3200, '2016-08-31 00:00:00', 'Credit', 'NEFT', '1032230414 NEFTINW-0046792155', 'Dhiman', 'Flat_304', '', 0), (6, 50000, '2016-08-31 00:00:00', 'Debit', 'CLG', '250', 'Sundarali', 'Flat_204', '', 0), (7, 3000, '2016-08-31 00:00:00', 'Credit', 'NEFT', '1031786468 NEFTINW-0046691849', 'Krishna', 'Flat_004', '', 0), (8, 3200, '2016-08-31 00:00:00', 'Credit', 'NEFT', 'CITIN681863291 NEFTINW-0046676804', 'vishesh', 'Flat_208', '', 0), (9, 3470, '2016-08-29 00:00:00', 'Credit', 'NEFT', 'N2421601571377 NEFTINW-0046528812', 'Raghunandan', 'Flat_009', '', 0), (10, 3710, '2016-08-29 00:00:00', 'Credit', 'NEFT', 'CITIN16680570890 NEFTINW-0046498770', 'jay', 'Flat_201', '', 0), (11, 5000, '2016-08-19 00:00:00', 'Credit', 'NEFT', 'SBIN616232761130 NEFTINW-0046087397', 'jay', 'Flat_201', '', 0), (12, 3100, '2016-08-16 00:00:00', 'Credit', 'NEFT', '1023581870 NEFTINW-0045853591', 'Ashutosh', 'Flat_308', '', 0), (13, 3000, '2016-08-10 00:00:00', 'Credit', 'IMPS', '622319580518 IMPS-622319168490', 'Krishna', 'Flat_004', '', 0), (14, 3600, '2016-08-10 00:00:00', 'Credit', 'NEFT', '1021414712 NEFTINW-00699447', 'viveksharma', 'Flat_007', '', 0), (15, 6560, '2016-08-10 00:00:00', 'Credit', 'MB', 'MB-999970704298', 'abhinav', 'Flat_306', '', 0), (16, 3200, '2016-08-10 00:00:00', 'Credit', 'NEFT', '1020897595 NEFTINW-0045632024', 'Niteen', 'Flat_104', '', 0), (17, 4000, '2016-08-09 00:00:00', 'Credit', 'NEFT', '1020386156 NEFTINW-0045584316', 'Shashi', 'Flat_103', '', 0), (18, 10000, '2016-08-09 00:00:00', 'Credit', 'NEFT', 'AXMB162228830545 NEFTINW-0045572445', 'Dhiman', 'Flat_304', '', 0), (19, 4000, '2016-08-05 00:00:00', 'Credit', 'IMPS', '621813079159 IMPS-621813540260', 'Gopa', 'Flat_005', '', 0), (20, 3710, '2016-08-05 00:00:00', 'Credit', 'NEFT', 'CITIN16674423130 NEFTINW-0045374063', 'manoj', 'Flat_101', '', 0), (21, 3370, '2016-08-05 00:00:00', 'Credit', 'NEFT', 'CITIN16674414482 NEFTINW-0045374223', 'maheshwar', 'Flat_206', '', 0), (22, 3000, '2016-08-02 00:00:00', 'Credit', 'IMPS', '621518927613 IMPS-621518211322', 'Krishna', 'Flat_004', '', 0), (23, 4000, '2016-08-02 00:00:00', 'Credit', 'IB', '', 'Manendra', 'Flat_105', '', 0), (24, 5000, '2016-08-02 00:00:00', 'Credit', 'NEFT', 'CITIN163193850 NEFTINW-0045187845', 'jay', 'Flat_201', '', 0), (25, 3500, '2016-08-02 00:00:00', 'Credit', 'NEFT', '1015182808 NEFTINW-0045193099', 'Amarjeet', 'Flat_307', '', 0), (26, 3200, '2016-08-02 00:00:00', 'Credit', 'NEFT', 'CITIN16673180822 NEFTINW-0045187664', 'vishesh', 'Flat_208', '', 0), (27, 3000, '2016-08-01 00:00:00', 'Credit', 'NEFT', 'N214160174065349 NEFTINW-0045125170', 'manas', 'Flat_001', '', 0), (28, 11678, '2016-08-01 00:00:00', 'Credit', 'IB', '', 'divang', 'Flat_309', '', 0), (29, 3750, '2016-08-01 00:00:00', 'Credit', 'IB', '', 'divang', 'Flat_309', '', 0), (30, 3440, '2016-08-01 00:00:00', 'Credit', 'NEFT', '000002174193 NEFTINW-0045101066', 'Vinod', 'Flat_107', '', 0), (31, 3470, '2016-08-01 00:00:00', 'Credit', 'NEFT', '000002172083 NEFTINW-0045095372', 'Raghunandan', 'Flat_009', '', 0), (32, 3200, '2016-08-01 00:00:00', 'Credit', 'NEFT', '1014108518 NEFTINW-0045093266', 'Dhiman', 'Flat_304', '', 0);
/*!40000 ALTER TABLE `Transactions_Verified` ENABLE KEYS */;


# Dumping structure for table sql6134070.User_Details
CREATE TABLE IF NOT EXISTS `User_Details` (
  `User_Id` varchar(20) NOT NULL,
  `Login_Id` varchar(20) NOT NULL,
  `User_Type` varchar(20) NOT NULL,
  `Status` tinyint(1) NOT NULL,
  `Flat_Id` varchar(10) DEFAULT NULL,
  `Name` varchar(50) NOT NULL,
  `Name_Alias` varchar(400) DEFAULT NULL,
  `Mobile_No` bigint(13) DEFAULT NULL,
  `Moble_No_Alternate` bigint(13) DEFAULT NULL,
  `Email_Id` varchar(30) DEFAULT NULL,
  `Address` varchar(100) DEFAULT NULL,
  `Flat_Join_Date` datetime DEFAULT NULL,
  `Flat_Left_Date` datetime DEFAULT NULL,
  `Auth_Ids` varchar(100) DEFAULT NULL,
  PRIMARY KEY (`User_Id`)
) ENGINE=InnoDB DEFAULT CHARSET=latin1;

# Dumping data for table sql6134070.User_Details: 44 rows
/*!40000 ALTER TABLE `User_Details` DISABLE KEYS */;
INSERT IGNORE INTO `User_Details` (`User_Id`, `Login_Id`, `User_Type`, `Status`, `Flat_Id`, `Name`, `Name_Alias`, `Mobile_No`, `Moble_No_Alternate`, `Email_Id`, `Address`, `Flat_Join_Date`, `Flat_Left_Date`, `Auth_Ids`) VALUES ('abhinav', 'geetika1', '', 1, 'Flat_306', 'Abhinav Nigam', 'Abhinav,ABHINAV  NIGAM', NULL, NULL, NULL, NULL, NULL, NULL, NULL), ('Amarjeet', 'Amarjeet1', '', 1, 'Flat_307', 'Amarjeet Kumar', NULL, NULL, NULL, NULL, NULL, NULL, NULL, NULL), ('Anshuman', 'Anshuman1', '', 1, 'Flat_207', 'Anshuman', NULL, NULL, NULL, NULL, NULL, NULL, NULL, NULL), ('Ashutosh', 'Ashutosh1', '', 1, 'Flat_308', 'Ashutosh', 'ASHUSH MOHANTY,ASHUTOSH MOHANTY', NULL, NULL, NULL, NULL, NULL, NULL, NULL), ('Balaji', 'Balaji1', '', 1, 'Flat_205', 'Balaji Ganapathi', 'BIJUKUMAR', NULL, NULL, NULL, NULL, NULL, NULL, NULL), ('Dhiman', 'Dhiman1', '', 1, 'Flat_304', 'Dhiman', 'SUMITH VARGHESE,DHIMAN CHAKRABORTY', NULL, NULL, NULL, NULL, NULL, NULL, NULL), ('divang', 'w', '', 1, 'Flat_309', 'Divang Sharma', 'divang,DIVANG  SHARMA  ', 9241797239, NULL, 'divang.s@gmail.com', 'Begur Heights', NULL, NULL, '0,1,2,3,4,5,6,9,10,11,12,13,16'), ('Gautam', 'Gautam1', '', 1, 'Flat_305', 'Gautam Kumar', 'GAUTAM  KUMAR  ', NULL, NULL, NULL, NULL, NULL, NULL, NULL), ('Gopa', 'Gopa1', '', 1, 'Flat_005', 'Gopa Kumar', 'GOPAKUMAR T,GOVULA MADHURI', NULL, NULL, NULL, NULL, NULL, NULL, NULL), ('Ivin', 'Ivin1', '', 1, 'Flat_106', 'Ivin Sebastian', NULL, NULL, NULL, NULL, NULL, NULL, NULL, NULL), ('jay', 'jay1', '', 1, 'Flat_201', ' Jay Krishan \r\n', 'JAYAKRISHNAN A,MR JAYAPRAKASH H P C O CG,NRE REM JYOTHI M', NULL, NULL, NULL, NULL, NULL, NULL, NULL), ('Jaya', 'Jaya1', '', 1, 'Flat_109', 'Jaya Prakash', 'C SHIVA KUMAR', NULL, NULL, NULL, NULL, NULL, NULL, NULL), ('Karthik', 'Karthik1', '', 1, 'Flat_002', 'Karthik', NULL, NULL, NULL, NULL, NULL, NULL, NULL, NULL), ('Krishna', 'Krishna1', '', 1, 'Flat_004', 'Krishna Murthy', 'S KRISHNA M,S KRISHNA MOORTHI', NULL, NULL, NULL, NULL, NULL, NULL, NULL), ('Krishnan', 'Krishnan1', '', 1, 'Flat_006', 'Krishnan', NULL, NULL, NULL, NULL, NULL, NULL, NULL, NULL), ('Mahesh', 'Mahesh1', '', 1, 'Flat_209', 'Mahesh Suragimath', NULL, NULL, NULL, NULL, NULL, NULL, NULL, NULL), ('maheshwar', 'maheshwar1', '', 1, 'Flat_206', 'Maheshwar Mohanty', 'MAHESWAR MOHANTY,SL. NO. MAHESWAR MOHANTY', NULL, NULL, NULL, NULL, NULL, NULL, NULL), ('manas', 'Manas1', '', 1, 'Flat_001', ' Manas Dash ', 'MANAS KUMAR DASH', NULL, NULL, NULL, NULL, NULL, NULL, NULL), ('Manendra', 'Manendra1', '', 1, 'Flat_105', 'Manendra Prasad  Singh', 'MANENA PRASAD SINGH,MANENDRA PRASAD SINGH', NULL, NULL, NULL, NULL, NULL, NULL, NULL), ('manoj', 'manoj1', '', 1, 'Flat_101', 'Manoj Nair', 'MANOJ K NAI ,MANOJ K NAIR', NULL, NULL, NULL, NULL, NULL, NULL, NULL), ('Niteen', 'Niteen1', '', 1, 'Flat_104', 'Niteen Kole', 'NITEEN UTTA,NITEEN UTTAM KOLE', NULL, NULL, NULL, NULL, NULL, NULL, NULL), ('Phani', 'Phani1', '', 1, 'Flat_102', 'Phani Krishna', 'PHANI KRISH ,PHANI KRISH ,PHANI KRISHNA NARAYANAM', NULL, NULL, NULL, NULL, NULL, NULL, NULL), ('Philip', 'Philip1', '', 1, 'Flat_203', 'Philip George', NULL, NULL, NULL, NULL, NULL, NULL, NULL, NULL), ('Praveen', 'Praveen1', '', 1, 'Flat_008', 'Praveen Pattanshetti', NULL, NULL, NULL, NULL, NULL, NULL, NULL, NULL), ('qwe', 'vibhanshu1', 'Tenant', 0, 'Flat_001', 'qqq', 'www,rrr', 2222222, 3333333, 's@g.c', 'weqw#11', '2016-09-20 00:00:00', '2016-09-20 00:00:00', NULL), ('Raghunandan', 'Raghunandan1', '', 1, 'Flat_009', 'Raghunandan', 'RAGHUNANDAN HK,RAGHUNANDAN H K', NULL, NULL, NULL, NULL, NULL, NULL, NULL), ('Raj', 'Raj1', '', 1, 'Flat_108', 'Raj kumar Mandal', NULL, NULL, NULL, NULL, NULL, NULL, NULL, NULL), ('ramesh', 'ramesh1', '', 1, 'Flat_007', 'Ramesh Gangan', NULL, NULL, NULL, NULL, NULL, NULL, NULL, NULL), ('Sanjib', 'Sanjib1', '', 1, 'Flat_303', 'Sanjib Singh', NULL, NULL, NULL, NULL, NULL, NULL, NULL, NULL), ('Satheesh', 'Satheesh1', '', 1, 'Flat_302', 'Satheesh S', NULL, NULL, NULL, NULL, NULL, NULL, NULL, NULL), ('Shashi', 'Shashi1', '', 1, 'Flat_103', 'Shashi Prakash Krishna', NULL, NULL, NULL, NULL, NULL, NULL, NULL, NULL), ('Sidda', 'Sidda1', '', 1, 'Flat_003', 'Sidda Raju', NULL, NULL, NULL, NULL, NULL, NULL, NULL, NULL), ('Subhash', 'Subhash1', '', 1, 'Flat_202', 'Subhash Chandra Gupta', 'SUNIL KUMAR', NULL, NULL, NULL, NULL, NULL, NULL, NULL), ('Sundarali', 'Sundarali1', '', 1, 'Flat_204', 'M. Sundaralingam', 'SUNDARALINGAM MURUGATHITHAN', NULL, NULL, NULL, NULL, NULL, NULL, '1,2,3,4,5,6,7,8,9,10,11,12,13,14,15,16'), ('uTest1', 'divang1', 'Tenant', 0, 'Flat_309', 'u test', 'u,UMESHA', 1212121212, 0, 'a@f.c', '1111', '2016-11-01 00:00:00', '2016-11-19 00:00:00', NULL), ('uTest2', 'poonam', 'Tenant', 0, 'Flat_310', 'u test', ',SCHINDLER INDIA PVTLTD', 1313131313, 0, 'a@f.c', '', '2016-11-02 00:00:00', '2016-11-19 00:00:00', '0,1,2,4,3'), ('uTest3', 'poonam', 'Tenant', 0, 'Flat_310', 'u test ', ',AKBAR HUSSAIN LASKAR', 1313131313, 0, 'a@f.c', '', '2016-11-02 00:00:00', '2016-11-19 00:00:00', '0,1,2,4,3'), ('uTest5', 'abhinav1', 'Tenant', 0, 'Flat_208', 'u test', '', 141414141414, 0, 'd@g.c', '', '2016-11-17 00:00:00', '2016-11-19 00:00:00', '0,1,2'), ('uTest6', 'sudha', 'Tenant', 0, 'Flat_005', 'u test', ',DANIEL L', 1616161616, 0, 'a@g.h', '', '2016-11-02 00:00:00', '2016-11-19 00:00:00', '3'), ('Vinod', 'Vinod1', '', 1, 'Flat_107', 'A Vinod Kumar', 'VINOD KUMAR A', NULL, NULL, NULL, NULL, NULL, NULL, NULL), ('vinoy ', 'vinoy1', '', 1, 'Flat_301', ' Vinoy ', NULL, NULL, NULL, NULL, NULL, NULL, NULL, NULL), ('vishesh', 'vibhanshu1', '', 1, 'Flat_208', 'Vishesh Nigam', 'vishesh,SHRUTI NIGAM', NULL, NULL, NULL, NULL, NULL, NULL, '0'), ('viveksharma', 'vivek1', 'Tenant', 0, 'Flat_007', 'vivek sharma', 'vivek sharma', 980000, 1111, 's@s.com', NULL, '2016-09-04 00:00:00', '2016-09-04 00:00:00', NULL), ('xyz', 'Select Login Id', 'Select User Type', 0, 'Select Fla', 'vv', 'vvv', 111111, 222222, 'a@w.c', '111aaa', '2016-09-19 00:00:00', '2016-09-20 00:00:00', NULL);
/*!40000 ALTER TABLE `User_Details` ENABLE KEYS */;


# Dumping structure for table sql6134070.User_Paid
CREATE TABLE IF NOT EXISTS `User_Paid` (
  `Payment_ID` bigint(50) NOT NULL AUTO_INCREMENT,
  `User_ID` varchar(20) NOT NULL,
  `Flat_ID` varchar(10) NOT NULL,
  `Amount` double NOT NULL,
  `Paid_Date` datetime NOT NULL,
  `Expense_Type_Id` int(10) NOT NULL,
  `Verified` tinyint(1) NOT NULL,
  `Verified_By` varchar(20) NOT NULL DEFAULT '0',
  `User_Comment` varchar(200) NOT NULL,
  `Admin_Comment` varchar(200) NOT NULL,
  `Transaction_ID` int(10) DEFAULT NULL,
  `User_Verified` tinyint(1) NOT NULL DEFAULT '0',
  PRIMARY KEY (`Payment_ID`),
  UNIQUE KEY `User_ID_Flat_ID_Amount_Paid_Date_Expense_Type_Id_Transaction_ID` (`User_ID`,`Flat_ID`,`Amount`,`Paid_Date`,`Expense_Type_Id`,`Transaction_ID`)
) ENGINE=InnoDB DEFAULT CHARSET=latin1;

# Dumping data for table sql6134070.User_Paid: 35 rows
/*!40000 ALTER TABLE `User_Paid` DISABLE KEYS */;
INSERT IGNORE INTO `User_Paid` (`Payment_ID`, `User_ID`, `Flat_ID`, `Amount`, `Paid_Date`, `Expense_Type_Id`, `Verified`, `Verified_By`, `User_Comment`, `Admin_Comment`, `Transaction_ID`, `User_Verified`) VALUES (1, 'manas', 'Flat_001', 239885, '2016-07-15 00:00:00', 2, 1, 'w', '', 'July 2016 BHOWA XLS Receivable data', NULL, 0), (2, 'manoj', 'Flat_101', 273467, '2016-07-15 00:00:00', 2, 1, 'w', '', 'July 2016 BHOWA XLS Receivable data', NULL, 0), (3, 'jay', 'Flat_201', 267692, '2016-07-15 00:00:00', 2, 1, 'w', '', 'July 2016 BHOWA XLS Receivable data', NULL, 0), (4, 'vinoy ', 'Flat_301', 273181, '2016-07-15 00:00:00', 2, 1, 'w', '', 'July 2016 BHOWA XLS Receivable data', NULL, 0), (5, 'Karthik', 'Flat_002', 186227, '2016-07-15 00:00:00', 2, 1, 'w', '', 'July 2016 BHOWA XLS Receivable data', NULL, 0), (6, 'Phani', 'Flat_102', 236677, '2016-07-15 00:00:00', 2, 1, 'w', '', 'July 2016 BHOWA XLS Receivable data', NULL, 0), (7, 'Subhash', 'Flat_202', 20319, '2016-07-15 00:00:00', 2, 1, 'w', '', 'July 2016 BHOWA XLS Receivable data', NULL, 0), (8, 'Satheesh', 'Flat_302', 239760, '2016-07-15 00:00:00', 2, 1, 'w', '', 'July 2016 BHOWA XLS Receivable data', NULL, 0), (9, 'Sidda', 'Flat_003', 152000, '2016-07-15 00:00:00', 2, 1, 'w', '', 'July 2016 BHOWA XLS Receivable data', NULL, 0), (10, 'Shashi', 'Flat_103', 238138, '2016-07-15 00:00:00', 2, 1, 'w', '', 'July 2016 BHOWA XLS Receivable data', NULL, 0), (11, 'Philip', 'Flat_203', 220556, '2016-07-15 00:00:00', 2, 1, 'w', '', 'July 2016 BHOWA XLS Receivable data', NULL, 0), (12, 'Sanjib', 'Flat_303', 56458, '2016-07-15 00:00:00', 2, 1, 'w', '', 'July 2016 BHOWA XLS Receivable data', NULL, 0), (13, 'Krishna', 'Flat_004', 216853, '2016-07-15 00:00:00', 2, 1, 'w', '', 'July 2016 BHOWA XLS Receivable data', NULL, 0), (14, 'Niteen', 'Flat_104', 241743, '2016-07-15 00:00:00', 2, 1, 'w', '', 'July 2016 BHOWA XLS Receivable data', NULL, 0), (15, 'Sundarali', 'Flat_204', 241715, '2016-07-15 00:00:00', 2, 1, 'w', '', 'July 2016 BHOWA XLS Receivable data', NULL, 0), (16, 'Dhiman', 'Flat_304', 242043, '2016-07-15 00:00:00', 2, 1, 'w', '', 'July 2016 BHOWA XLS Receivable data', NULL, 0), (17, 'Gopa', 'Flat_005', 260200, '2016-07-15 00:00:00', 2, 1, 'w', '', 'July 2016 BHOWA XLS Receivable data', NULL, 0), (18, 'Manendra', 'Flat_105', 281180, '2016-07-15 00:00:00', 2, 1, 'w', '', 'July 2016 BHOWA XLS Receivable data', NULL, 0), (19, 'Balaji', 'Flat_205', 280590, '2016-07-15 00:00:00', 2, 1, 'w', '', 'July 2016 BHOWA XLS Receivable data', NULL, 0), (20, 'Gautam', 'Flat_305', 291960, '2016-07-15 00:00:00', 2, 1, 'w', '', 'July 2016 BHOWA XLS Receivable data', NULL, 0), (21, 'Krishnan', 'Flat_006', 232624, '2016-07-15 00:00:00', 2, 1, 'w', '', 'July 2016 BHOWA XLS Receivable data', NULL, 0), (22, 'Ivin', 'Flat_106', 245190, '2016-07-15 00:00:00', 2, 1, 'w', '', 'July 2016 BHOWA XLS Receivable data', NULL, 0), (23, 'maheshwar', 'Flat_206', 252230, '2016-07-15 00:00:00', 2, 1, 'w', '', 'July 2016 BHOWA XLS Receivable data', NULL, 0), (24, 'abhinav', 'Flat_306', 248540, '2016-07-15 00:00:00', 2, 1, 'w', '', 'July 2016 BHOWA XLS Receivable data', NULL, 0), (25, 'Vinod', 'Flat_107', 256175, '2016-07-15 00:00:00', 2, 1, 'w', '', 'July 2016 BHOWA XLS Receivable data', NULL, 0), (26, 'Anshuman', 'Flat_207', 137725, '2016-07-15 00:00:00', 2, 1, 'w', '', 'July 2016 BHOWA XLS Receivable data', NULL, 0), (27, 'Amarjeet', 'Flat_307', 255975, '2016-07-15 00:00:00', 2, 1, 'w', '', 'July 2016 BHOWA XLS Receivable data', NULL, 0), (28, 'Praveen', 'Flat_008', 232004, '2016-07-15 00:00:00', 2, 1, 'w', '', 'July 2016 BHOWA XLS Receivable data', NULL, 0), (29, 'Raj', 'Flat_108', 236701, '2016-07-15 00:00:00', 2, 1, 'w', '', 'July 2016 BHOWA XLS Receivable data', NULL, 0), (30, 'vishesh', 'Flat_208', 234399, '2016-07-15 00:00:00', 2, 1, 'w', '', 'July 2016 BHOWA XLS Receivable data', NULL, 0), (31, 'Ashutosh', 'Flat_308', 234981, '2016-07-15 00:00:00', 2, 1, 'w', '', 'July 2016 BHOWA XLS Receivable data', NULL, 0), (32, 'Raghunandan', 'Flat_009', 270317, '2016-07-15 00:00:00', 2, 1, 'w', '', 'July 2016 BHOWA XLS Receivable data', NULL, 0), (33, 'Jaya', 'Flat_109', 272855, '2016-07-15 00:00:00', 2, 1, 'w', '', 'July 2016 BHOWA XLS Receivable data', NULL, 0), (34, 'Mahesh', 'Flat_209', 256801, '2016-07-15 00:00:00', 2, 1, 'w', '', 'July 2016 BHOWA XLS Receivable data', NULL, 0), (162, 'ramesh', 'Flat_007', 221400, '2016-07-15 00:00:00', 2, 1, 'w', '', 'July 2016 BHOWA XLS Receivable data', NULL, 0);
/*!40000 ALTER TABLE `User_Paid` ENABLE KEYS */;


# Dumping structure for table sql6134070.User_Payment_Status
CREATE TABLE IF NOT EXISTS `User_Payment_Status` (
  `Payment_Status_Id` int(10) NOT NULL AUTO_INCREMENT,
  `Status_Type` varchar(20) NOT NULL,
  PRIMARY KEY (`Payment_Status_Id`),
  UNIQUE KEY `Status_Type` (`Status_Type`)
) ENGINE=InnoDB DEFAULT CHARSET=latin1;

# Dumping data for table sql6134070.User_Payment_Status: 3 rows
/*!40000 ALTER TABLE `User_Payment_Status` DISABLE KEYS */;
INSERT IGNORE INTO `User_Payment_Status` (`Payment_Status_Id`, `Status_Type`) VALUES (2, 'Full_Paid'), (1, 'Not_Paid'), (3, 'Partial_Paid');
/*!40000 ALTER TABLE `User_Payment_Status` ENABLE KEYS */;
/*!40101 SET SQL_MODE=@OLD_SQL_MODE */;
/*!40014 SET FOREIGN_KEY_CHECKS=@OLD_FOREIGN_KEY_CHECKS */;
/*!40101 SET CHARACTER_SET_CLIENT=@OLD_CHARACTER_SET_CLIENT */;
